customer_id,full_name,email,gender_id,state_id
1,Duane Patel,justinsmith@gmail.com,2,38
2,David Burns,catherine53@norman.com,3,37
3,Michelle Haynes,amy43@espinoza-alexander.net,1,18
4,Madeline Warren,pamela02@gmail.com,3,40
5,Erin Ramirez,qandrews@craig.info,1,49
6,Michael Lee,jdrake@mcmahon.info,3,36
7,Erica Daniels,megan81@davis-richards.com,2,9
8,Shelly Rivas,kendrahernandez@lang.com,2,29
9,Christopher Smith,nicholas49@hernandez.com,2,33
10,Craig Mathews,jdickerson@nelson.com,3,17
11,Kelly Hayes,christopher88@yahoo.com,3,6
12,Dr. Douglas Cortez,goodwinsherry@barnes.info,2,42
13,Kristina Smith,matthewalexander@hotmail.com,3,7
14,Brianna Allen,malexander@hotmail.com,3,30
15,Christine Parker,marycarpenter@hotmail.com,3,1
16,Catherine Sullivan,nathanfinley@gmail.com,3,46
17,David Schaefer,sheila97@mosley.com,3,26
18,James Johnson,chadcox@garcia.com,1,19
19,Alexis Moore,terrianderson@hotmail.com,2,7
20,Elizabeth Jackson,jonathan48@moss.org,1,37
21,Melissa Fry,john85@gmail.com,2,31
22,Anita Weber,kathleen67@gmail.com,1,41
23,Timothy Griffith,pamela33@thomas.info,3,21
24,Matthew Scott,danielpace@white-dixon.net,1,5
25,Thomas Baker,skelly@greer-johnson.org,3,1
26,James Mitchell,suzannelowe@harris.com,1,32
27,Haley Hines,gabrielgreen@hotmail.com,3,15
28,Melvin Clark,kiara01@mendez-ford.com,2,32
29,Jeffrey Leach,wiselawrence@yahoo.com,2,5
30,Helen Hood,matthewhopkins@garrett.com,2,19
31,Eric Johnson,jennifer34@yahoo.com,2,31
32,Jerry Hoover,hortonmark@gmail.com,2,23
33,Brandon Mckay,fmendoza@yahoo.com,2,7
34,Andrea Stephens,stewartkimberly@gmail.com,2,16
35,Caroline Richardson,williamsmatthew@kirby-quinn.com,3,45
36,Courtney Howard,ilewis@hotmail.com,1,25
37,Sharon Smith,xpacheco@cooper.com,2,15
38,Samuel Reeves,richard29@hotmail.com,3,7
39,Dan Friedman,richardzimmerman@hotmail.com,1,15
40,Raymond Mcdonald,ericadkins@hotmail.com,2,27
41,Michael Butler,robbinsrichard@coleman.com,3,29
42,Terri Allen,ucollins@pace.net,2,22
43,Alyssa Walter,stevensadam@watkins-mclean.com,2,42
44,Natasha Allen,amber16@yahoo.com,2,27
45,Tyler Williams,aguirredavid@hotmail.com,1,16
46,Timothy Livingston,taylorshaw@hotmail.com,3,33
47,Albert Fleming,sarah82@steele-kirk.info,1,41
48,David Chen,walshchristopher@yahoo.com,2,17
49,Scott Scott,robersonkelly@spears-mercado.com,3,15
50,Michelle Brooks,itorres@myers.com,3,26
51,Calvin Clark,klambert@cook.info,1,41
52,Natalie Brown,maria44@mcgee-reid.com,3,26
53,Dylan Good,mdennis@leblanc.info,2,2
54,Bryan Saunders,newmankelli@boone.com,2,17
55,Carol Hopkins,chill@gmail.com,1,43
56,Emily Walker,villarrealblake@hotmail.com,3,28
57,Alejandro Newman,rcannon@gmail.com,3,36
58,Joseph Weber,shawn51@smith.com,3,7
59,David Jenkins,nphillips@duncan-davis.com,1,3
60,Kevin Decker,aphillips@morales-tyler.com,2,2
61,Michael Perry,vfranco@zavala-hawkins.biz,1,6
62,Daniel Adams,jillhuff@smith.com,1,40
63,Tammy Burton,hwong@hotmail.com,1,11
64,Sarah Serrano,ewilliams@norris-kidd.com,3,27
65,Cindy Carter,timothy00@burns.com,3,18
66,James Alexander,calvarado@avila-wallace.info,3,36
67,Tiffany Mcclain DDS,lthompson@hotmail.com,2,4
68,Henry Kennedy,leah26@stephenson-reed.com,3,22
69,Angel Morgan,waynezhang@hotmail.com,3,36
70,Linda Bryan,andrewwhite@gmail.com,1,28
71,Christopher Ryan,hillanita@yahoo.com,1,24
72,Daniel Yang,taylorjonathan@gmail.com,3,9
73,Victoria Rowe,tammy45@hotmail.com,1,3
74,Jamie Rogers,kurtleon@yahoo.com,3,7
75,Eugene Taylor,qmoore@hicks.com,2,39
76,David Medina,pbennett@wagner.com,3,34
77,Allen Peters,kelly97@yang.com,3,35
78,Aaron Miller,ltapia@schneider.com,3,42
79,Brenda Brady,wfletcher@hotmail.com,3,16
80,Aaron Ramos,sarnold@hill.com,2,18
81,Aaron Rice,ericolsen@davenport.com,1,24
82,Katie Martin,fball@yahoo.com,1,35
83,Barry Jones,uking@brown.com,2,12
84,Andrea Thomas,angelahahn@jennings.org,1,7
85,Nicole Lindsey,williamskendra@yahoo.com,3,38
86,Vanessa Rodriguez,jacksonderek@yahoo.com,2,24
87,Melinda Hebert,baxterjames@hotmail.com,2,39
88,Amy Miranda,katelynprice@johnson.net,1,1
89,Nicole Smith,diazwanda@yahoo.com,3,3
90,Eric King,williamsjohn@hotmail.com,3,33
91,Andrea Jones,melissataylor@yahoo.com,3,45
92,Ronald Miller,sbailey@yahoo.com,2,37
93,Robert Sanchez,rebecca67@robinson-washington.info,2,38
94,Tyler Guerrero,ythomas@hotmail.com,1,24
95,James Walker,jmcgrath@yahoo.com,1,43
96,Janet Rivera,ericwilliams@yahoo.com,1,34
97,Joan Price,seanthompson@navarro-robinson.org,3,46
98,Megan Choi,martin50@harvey.net,1,7
99,Andrew Johnson,wdavies@garcia.com,2,4
100,Veronica Jordan,ericaanderson@yahoo.com,1,41
101,David Lynch,michelle49@yahoo.com,1,16
102,Brent Shaffer,jeremy44@garcia.org,1,35
103,Timothy Deleon,itownsend@yahoo.com,1,43
104,Ricky Cunningham,ubass@hotmail.com,3,1
105,Calvin Robertson,zdavenport@cardenas-silva.biz,3,43
106,Matthew Barber,adamskristie@yahoo.com,1,33
107,Catherine Brown,millerrobin@hardy-reyes.org,1,47
108,Angel Harris,nicholeadkins@martin.org,2,24
109,Amy Friedman,spencebilly@yahoo.com,3,39
110,Nancy Nicholson,tsimmons@yahoo.com,1,20
111,Michelle Nelson,tatedavid@hotmail.com,1,31
112,Traci Knight,oshepard@morrison.biz,3,48
113,Thomas Scott,wbautista@hotmail.com,3,41
114,Gary Romero,nicole90@hotmail.com,1,46
115,James York,sandra15@gmail.com,1,6
116,Victoria Braun,sara25@mason.net,1,7
117,Reginald Bauer,nicole09@yahoo.com,2,25
118,Daniel Williams,daniel78@acosta-young.biz,2,6
119,Justin Rodgers,grayjordan@hotmail.com,1,7
120,Gary Phillips,allison33@gmail.com,1,38
3868,John Curtis,jcamorris@hotmail.com,1,37
122,Kerry Flynn,josephchandler@wood.com,2,37
123,Nathan Berry,uhawkins@gmail.com,1,4
124,Kelly Gray,lisa08@yahoo.com,1,13
125,Glenn Mills,peter69@gmail.com,3,43
126,Veronica Liu,nguyenjacob@gmail.com,2,7
127,Laura Griffith,johnsonkristina@hotmail.com,1,12
128,Nicole Williams,mcdonaldjimmy@sharp.biz,3,32
129,Samuel Garcia,barbararamirez@jordan-ward.com,2,45
130,Kenneth Brown,muellerrebecca@gray.net,3,26
131,Gloria Cook,valerie11@sherman.com,3,22
132,Amanda Wilson,kennethwallace@garcia-molina.com,2,40
133,Natalie Salinas,aaron89@yahoo.com,3,9
134,James Thomas,theresa53@sutton-smith.com,3,27
135,Megan Young,markharper@gmail.com,1,45
136,Noah Rangel,ana48@hotmail.com,2,50
137,Angel Collins MD,chenanthony@blankenship.biz,1,44
138,Dr. Andrew Parker MD,joannekey@peters.com,2,24
139,Jasmine Graves,maurice94@cruz-hill.net,2,35
140,Melissa Davis,jimmy53@hotmail.com,3,45
141,Travis Beard,gibsonamy@yahoo.com,3,15
142,Jessica Baker,bbaird@thompson.org,3,6
143,Michael Cooper,pjoseph@yahoo.com,2,50
144,Julie Stevens,umoore@smith.com,1,38
145,Sarah Jenkins,tzavala@collins.net,3,5
146,Raymond Saunders,amy64@hotmail.com,1,12
147,Brian Wiggins,wbrown@gmail.com,3,15
148,David Kelly,grandall@yahoo.com,1,48
149,Jason Grant,vargasdonald@anthony.com,2,37
150,Caitlin Lawson,joe24@massey.com,1,49
151,Bryan Lucas,qbanks@hotmail.com,1,32
152,Jacqueline Clark,phillipsangela@gmail.com,3,20
153,Christopher Hawkins,vdoyle@hill.net,3,17
154,Rachel Browning,rebecca19@smith-harper.com,1,4
155,Jose Estes,bennettrachel@weaver.com,3,16
156,Tyrone Brooks,leediane@jones.com,2,21
157,Joshua Smith,uhammond@wright-jenkins.com,2,24
158,Michael Price,smithmichael@bruce-brown.com,2,30
159,Jeffrey Maldonado,uhicks@bennett.com,3,15
160,Jerome Yates,poolemark@hotmail.com,2,28
161,Zachary Alvarado,bwagner@yahoo.com,1,22
162,Mr. Ricky Finley,ykelly@yahoo.com,1,45
163,Diana Moreno,laurie09@gmail.com,3,13
164,Tammy Lloyd,qmartinez@yahoo.com,3,23
165,Kyle Bender,zhunter@santiago-tapia.com,3,26
166,Anthony Cohen,hendricksspencer@hotmail.com,2,21
167,Amanda Parks,brian40@merritt.com,3,24
168,Matthew Bird,austinrobinson@gmail.com,2,36
169,Amanda Morris,mfox@garcia.info,3,47
170,Roy Newman,dylanberry@gmail.com,3,40
171,Edward Bryant,castillomeagan@ross.biz,1,17
172,Katelyn Robinson,xmcneil@gmail.com,2,32
173,Richard Patton,scottwayne@gmail.com,2,28
174,Brandy Cooper,jamesferguson@gmail.com,1,39
175,Claire Strickland,denise74@nelson.com,3,27
176,Ethan Oliver,charlesneal@davidson-braun.com,1,5
177,Peggy Waller,isaiah81@yahoo.com,1,26
178,Brandon Cordova,frostwilliam@collins.com,2,26
179,Leah Price,oortiz@gmail.com,3,6
180,Jennifer Bailey,tommyreyes@yahoo.com,3,42
181,Susan Owens,matthewsmith@lynch.org,3,15
182,Vincent Franco,bassjoseph@randall.info,1,24
4609,Dan Scott,dsamorris@hotmail.com,1,44
184,Krystal Brown,bduffy@hotmail.com,1,27
185,Michael Dennis,williamskirk@smith.com,1,34
186,Duane Gregory,timothy87@hayes.net,3,46
187,Alexander Michael,ortizhenry@yahoo.com,1,28
188,Katie Jones,jessicamorse@hotmail.com,1,27
189,Diana Mendoza,lisa54@gmail.com,2,3
190,Lisa Turner,james67@hansen.com,1,20
191,Kathleen Macias,thompsondustin@gmail.com,1,47
192,Gregory Zimmerman,annaschroeder@gmail.com,3,12
193,Donald Burnett,shortcindy@duncan.org,3,20
194,Cheyenne Mckay,ibowen@moore.com,1,46
195,Jenny Goodman,timothysimmons@gonzales-johnson.info,1,43
196,Dawn Smith,joseph99@hotmail.com,1,11
197,Kimberly Thomas,maryrush@williams-morgan.com,1,32
198,Gregory Walker,margaretweiss@gmail.com,2,16
199,Elizabeth Simpson,nicolegentry@yahoo.com,2,24
200,Tabitha Howell,william90@hotmail.com,1,24
201,Theresa Foster,smithjames@carter.com,1,5
202,Jessica Brooks,joseph68@gmail.com,3,9
203,Paul Young,christinajohnson@johnson.net,2,5
204,Joseph Hoover,cgonzales@hotmail.com,2,19
205,Mr. Dakota Mendoza,hancocksherry@moore.com,2,14
206,George Hester,stephanie06@vargas-edwards.com,2,35
207,Sharon Monroe,pgarcia@cook.com,1,46
208,Eric Rodriguez,douglas22@roberts-davis.biz,3,31
209,Monica Terrell,margaret23@lambert.com,3,41
210,Abigail Cole,alexanderjames@gmail.com,3,10
211,Alexa Roberson,valenciajessica@mcdonald-gonzalez.biz,2,26
212,Donald Mathis,robinsonjillian@gmail.com,2,14
213,John Jackson,ricky04@chan-soto.com,1,46
214,Mark Beard,michaeldelgado@hess.com,2,21
215,Caleb Jones,blakegoodman@hotmail.com,2,10
216,William Yu,nicolebell@dickson.com,3,50
217,Brooke Blanchard,ujackson@gmail.com,1,1
218,Andrew Morrison,qmiranda@gmail.com,2,19
219,Brad Lawson,marcojones@jones.com,1,21
220,Nancy Johnson,rowemichelle@hotmail.com,3,44
221,Jessica Little,nlivingston@acosta.net,3,43
222,Erin Scott,scottallen@oliver.info,3,27
223,Melissa French,adamsdaniel@cannon.org,1,17
224,Chelsey Ochoa,yrichardson@werner-mann.com,1,26
225,Victoria Cooke,christophernewton@hughes.com,2,37
226,Charles Glass,jhancock@yahoo.com,2,1
227,Karen Bishop,matthewhogan@yahoo.com,1,3
228,Roger Carpenter,roysamantha@yahoo.com,3,49
229,Alisha Weaver,stevensamy@gmail.com,3,26
230,Crystal Carney,xvargas@vaughn.com,1,18
231,Michele Holmes,jasonherman@hotmail.com,3,8
232,Courtney Cole,ibonilla@yahoo.com,3,2
233,Rebecca Walker,jeffery54@cain.info,3,46
234,Jeanette Cooper,guy28@boyle.com,1,5
235,Kristen Hobbs,scottvincent@yahoo.com,2,43
236,Wendy Mullins,lbrown@hotmail.com,3,10
237,Linda Chambers,bradlozano@gmail.com,3,7
238,Jose Chambers,bsharp@yahoo.com,2,37
239,Steven Richardson,frankashley@hotmail.com,3,16
240,Philip Johnson,eric42@jones.com,1,36
241,Renee Orozco,margaretpreston@phillips.biz,1,48
242,Daniel Miller,thomaslyons@yahoo.com,1,28
243,Andrea Hughes,knightemma@gmail.com,2,32
244,Christina Foster,ruben37@yahoo.com,2,36
245,Penny Garcia,ambersellers@hotmail.com,3,48
246,Robert Farrell,marissa74@howell-jones.biz,3,27
247,Jodi Liu,stricklandsteven@gmail.com,3,46
248,Shawn Hess,wdavis@yahoo.com,2,10
249,Sandra Schmitt,lisa50@carlson.com,3,30
250,Peggy Rodriguez,michaelapetersen@gmail.com,3,26
251,Tyler Benitez,donnamoody@lowery.biz,2,38
252,Ralph Mccall,santiagowilliam@hotmail.com,3,11
253,Michael Sutton,whitetheresa@griffith.com,1,27
254,Alexis Miller,rogersmatthew@gmail.com,1,25
255,Steven Mckinney,lindabrown@gmail.com,3,25
256,David Neal,morganluke@hotmail.com,3,4
257,Sherry Torres,troy08@hotmail.com,2,48
258,Dustin Williams,zhorn@peck-brown.net,2,17
259,Wendy Shelton,bentonjustin@yahoo.com,2,47
260,Robert Gardner,richard76@hotmail.com,3,17
261,Adam Kelley,brendasmith@hotmail.com,3,30
262,Shelby Sims,harrisjoseph@austin.com,2,22
263,Michael Moore,hamptonian@yahoo.com,1,7
264,Anthony Moss,william06@martinez.com,3,28
265,Jason Davis,lwatson@yahoo.com,1,37
266,Brandon Carter,julie33@grimes.info,1,17
267,Donald English,robert35@hotmail.com,2,46
268,Scott Shannon,taylorkeith@henderson-rodriguez.com,3,4
269,Roy Diaz,erictaylor@gonzales.info,1,20
270,Kelly Carrillo,smithvalerie@yahoo.com,3,20
271,Joseph Chavez,thomas37@yahoo.com,2,11
272,Linda Aguilar,tammyclark@blake.net,1,25
273,Kaitlyn Roy,meganwilliamson@kim-navarro.biz,2,40
274,Kathleen Gomez,hfisher@friedman-jordan.com,3,34
275,Brett Johnston,jeffrey37@castillo.com,3,30
276,Robin Gould,victor80@brown.com,1,21
277,Ana Gonzalez,susan91@hale-washington.com,1,23
278,Emily Montoya,johnnyacosta@gmail.com,3,24
279,Patrick Bradford,sharon08@tran-rivera.com,2,28
280,Courtney Huynh,waltonashley@yahoo.com,2,13
281,Michael Moore,bobmacdonald@harrison-montoya.com,2,20
282,Melissa Black,cynthia99@gmail.com,1,2
283,Crystal Cooper,erin30@conway-torres.com,2,2
284,Vincent Nunez,zachary99@hawkins.com,1,39
285,John Ryan,kayla92@gmail.com,3,18
286,Richard Arias,omccormick@hotmail.com,2,41
287,Michael Sanders,zmorales@harmon-young.com,3,25
288,Yvonne Charles,toddwagner@hotmail.com,3,19
289,Steven Spence,nichole94@hotmail.com,3,41
290,Lindsay Brooks,adam24@gmail.com,3,38
291,Shannon Mitchell,javierthompson@hotmail.com,1,42
292,Jacob Cortez,jlloyd@white.com,2,8
293,Dana Gates,dennismichael@powell.com,2,7
294,Cheryl Hernandez,debra17@yahoo.com,1,7
295,Sydney Rhodes,tinadavis@gmail.com,1,20
296,Keith Burns,bellkelsey@steele.net,3,42
297,Lauren Young,alex79@baird.com,1,31
298,Desiree Burgess,linda47@yahoo.com,3,6
299,Robert White,hlandry@chan.net,1,4
300,Susan Melendez,adamhughes@gmail.com,3,36
301,Robert Jones,adamserik@thomas.com,2,40
302,Felicia Hogan,david83@becker-barnes.net,3,22
303,Ian Jones,warnerjennifer@yahoo.com,1,7
304,Julie Peters,campbellkelli@yahoo.com,2,38
305,Robin Love,brewermary@thomas.com,3,18
306,Robert Hull,blankenshipmarcus@fox.com,1,12
307,Tracy Silva,qmorris@yahoo.com,1,29
308,Ethan Williams,bsnyder@evans.com,2,1
309,Russell Scott,donna42@yahoo.com,3,24
310,Bruce Howard,sharon46@hotmail.com,2,23
311,Julie Bullock,megan16@simmons.net,3,20
312,Dr. Vincent George,rspencer@walls-frank.org,1,36
313,Mathew Ruiz,adamsjillian@hotmail.com,3,8
314,Dwayne Shelton,mitchelljill@proctor-fisher.org,1,48
315,Timothy Best,burtonrobin@hotmail.com,2,35
316,Andrea Schultz,micheal30@mcguire-williams.com,2,8
317,Ashley Coleman,jenningsnathaniel@yahoo.com,3,2
318,William Wolfe,frank35@lambert-johnston.org,3,18
319,Danielle Harvey,weberdanielle@simmons.com,3,4
320,Rose White,krogers@martin-figueroa.com,3,3
321,Mrs. Pamela Rowe,xthompson@gmail.com,2,41
322,Gregory Rodriguez,kevin86@gmail.com,3,34
323,Brenda Campbell,wusamantha@burns.com,3,20
324,Christina Ramsey,awang@hotmail.com,2,17
325,Crystal Mcclure MD,trevor35@gmail.com,2,17
326,Derrick Baker Jr.,gmartinez@hull.org,3,40
327,Ms. Vanessa Garcia MD,calvin18@brewer-johnson.com,1,37
328,Wyatt Robertson,fkemp@miller-marshall.biz,3,40
329,Christina Cook,jesse72@maldonado.biz,2,49
330,Amy Bradley,hillphillip@gmail.com,3,12
331,Kristina Chase,kmoyer@hotmail.com,3,38
332,Tanya Miller,leblanckevin@hotmail.com,3,8
333,Rebekah Clark,brownphilip@yahoo.com,3,48
334,Ana Jackson,melissa69@wright.com,1,16
335,Justin Harvey DVM,ellisalisha@yahoo.com,3,40
336,Mark Nguyen,jason12@hotmail.com,1,5
337,Shelby Barnes,rodriguezjulie@dominguez.net,2,6
338,Timothy Vaughn,qvincent@yahoo.com,3,12
339,Daniel Watkins,heathervega@yahoo.com,1,1
340,Debra Gardner,kimberlymayer@white-mullins.com,1,46
341,Leah Jackson,brettbeard@blevins.com,2,45
342,Douglas Thompson,cheryl99@trujillo-hatfield.org,3,24
343,Robert Myers,mmckee@hubbard.biz,2,16
344,Stephen Rodriguez,bhorn@marshall.com,3,30
345,Kristin Clark,richardcox@phillips.com,2,22
346,Corey Wells,santosjames@hotmail.com,3,30
347,Jon Gutierrez,morrisdavid@quinn.org,3,42
348,Vincent Wolfe,gregoryjeffery@yahoo.com,3,48
349,Dale Rodriguez,ashleymacias@murray.com,1,21
350,Jesse George,brian16@yahoo.com,3,14
351,Tina Williams,tammyreyes@clark.com,3,11
352,Donald Ellison,ashleymurphy@davis-sims.biz,3,35
353,Denise Smith DVM,hudsonjuan@hotmail.com,1,14
354,Melissa Hansen,kara10@hotmail.com,2,13
355,Mark Leon DDS,amy21@howell.org,3,14
356,Anna West,ttownsend@clark-murphy.org,2,2
357,Charles Garcia,anthony18@yahoo.com,1,30
358,Jacqueline Butler,michael26@gmail.com,1,6
359,Jerome Collins,laurenwilliams@gmail.com,3,19
360,Stacy Gutierrez,michael11@yahoo.com,1,48
361,Dennis Estrada,sgray@murphy-fields.com,3,46
362,Tracey Johnson,silvabrendan@anderson.com,2,32
363,Kyle Thompson,wardmary@gmail.com,3,27
364,Karen Shields,lisayoung@yahoo.com,2,21
365,Sonya Kemp,jamesregina@pierce.org,2,42
366,Christopher Rangel,tylerburke@curry.net,1,25
367,Sean Stewart,bowmanjennifer@moss.com,3,27
368,Eric Russell,morgan63@wolfe.com,1,8
369,Amanda Sanders,cassandragonzalez@gmail.com,3,45
370,Stephanie Holder,john64@yahoo.com,3,28
371,Ashley Richards,kenneth85@jones.com,3,17
372,Ryan Smith,dawsonjill@gmail.com,1,8
373,Nicholas Edwards,amandamorales@gmail.com,3,27
374,Nancy Nelson,steven33@yahoo.com,3,2
375,Andrew Brown,sheena79@rodriguez.com,1,22
376,Pamela Davis,adriana18@hotmail.com,2,23
377,Thomas Mathews,dunlapjoseph@wade-wise.com,2,16
378,Scott Carroll,brianwright@gaines.info,3,13
379,Mary Huber,kristinewilson@yahoo.com,3,32
380,Samuel Gregory,jacobjohnson@gmail.com,3,15
381,Edward Gray,lisa33@murray-little.com,2,24
382,Michael Mills,rebeccaschwartz@anderson.com,3,33
383,Stacey Jones,kjohnson@hotmail.com,3,23
384,Ryan Sanchez,armstrongerin@hotmail.com,3,37
385,John Valenzuela,michaelford@burnett-garcia.biz,3,21
386,Michael Evans,ravenlarson@hotmail.com,1,45
387,Sandra Cooper,monique89@myers.com,1,47
388,Eugene Duke,timothykramer@yahoo.com,1,49
389,Amy Nguyen,qsmith@villanueva.com,2,7
390,Andre Meyers,chavezmelinda@gmail.com,2,44
391,Leah Grant,maddoxjonathan@yahoo.com,3,15
392,Heidi King,dawnbrown@ferguson.com,3,30
393,Emily Flynn,lisapratt@jones.org,2,16
394,Amber Fritz,ericpace@hotmail.com,3,32
395,Lisa Walton,megan59@holden-lee.info,1,3
396,Caitlin Mills,jacobstracy@williams.com,2,26
397,Thomas Wallace,cherrera@johnson.com,1,18
398,Jason Cooke,shirley70@hotmail.com,3,37
399,David Adams,tinagarrison@richards.biz,3,19
400,Lori Jackson,karenmoore@gmail.com,3,27
401,Sierra Ramirez,newmankatherine@gmail.com,2,37
402,Wendy Edwards,ojones@williams-brewer.info,3,2
403,Dr. Ian Robertson,daviddunlap@fisher.com,2,24
404,Ryan Torres,padillajordan@bennett.info,2,34
405,Jennifer Diaz,chenbenjamin@gmail.com,1,43
406,Paul Watson,sarahsanchez@hotmail.com,2,30
407,Timothy Barrera,pamela21@stephens.net,3,17
408,Patrick Butler,amber64@gmail.com,2,27
409,Nicholas Martinez,reginaldflores@hotmail.com,2,4
410,John Gonzalez,zweaver@hill-anthony.com,2,35
411,Joshua Coleman,ambervaldez@gmail.com,3,6
412,Theresa Jackson,pjohnson@yahoo.com,2,34
413,Lisa Rowe,jocelyn21@diaz.com,1,45
414,Katherine Beck,ramseyshawn@hotmail.com,2,28
415,Jared Murray,boydsummer@gmail.com,1,28
416,Teresa Wright,stonetravis@gmail.com,2,12
417,Joseph Gonzalez,upayne@hotmail.com,2,8
418,William Martinez,ubarrera@lawson.com,2,34
419,Chase Martinez,tnewton@chavez.org,1,42
420,Shelby Bell,tiffanymcgee@schwartz.com,2,32
421,Justin Williams,cookshelly@yahoo.com,3,36
422,Cindy Rice,wstout@austin-anderson.info,2,40
423,Susan Santana,reedmegan@arnold-howard.com,1,43
424,Edward Lewis,martinezlisa@murphy-hawkins.com,3,1
425,James Rangel,klong@yahoo.com,1,9
426,Debbie Reynolds,hartmaneric@yahoo.com,2,4
427,Danielle Morrison,sheila44@chen-leon.org,3,18
428,Angela Andrews,nicholsann@hensley.com,1,8
429,Justin Galvan,holdertony@watson.com,1,3
430,Brad Morales,maryallen@taylor.com,1,3
431,Juan Craig,carlosschwartz@yahoo.com,1,3
432,Alexis Alvarez,chad37@santos.info,1,4
433,Joseph Williams,mannryan@hotmail.com,1,1
434,Lisa Rocha,lindsaywade@yahoo.com,3,24
435,Robert Brown,sean78@hotmail.com,1,38
436,Melissa Weiss,stacey03@gmail.com,2,7
437,Alison Lee,kstone@hansen.com,2,50
438,James Singh,psingleton@humphrey.com,2,11
439,Anthony Parker,ethan15@hartman-horne.net,3,40
440,Miss Lori Meyer,carolynlove@gilmore.com,1,11
441,Nathan Brown,susanjohnson@yahoo.com,2,42
442,Katelyn Atkins,colleen67@hotmail.com,3,4
443,Kara Tran,debraguerrero@hotmail.com,2,2
444,Deborah Wilson,ericksonrhonda@yahoo.com,2,47
445,Jennifer Rasmussen,nwaters@atkinson.net,3,26
446,David Moore,joymiller@yahoo.com,2,26
447,Cody Barker,travis63@hotmail.com,1,24
448,Eduardo Lewis,chrisirwin@oliver.info,2,35
449,Cynthia Williams,uwilliams@hotmail.com,1,35
450,Andrew Davidson DDS,bbrown@patrick-thompson.net,1,1
451,Meagan Rojas MD,dryan@yahoo.com,1,30
452,Anna Weeks,kimberlymorgan@murray.info,1,18
453,John Lawrence,charleshughes@hotmail.com,3,7
806,Catherine Miller,cmdavissusan@yahoo.com,1,50
455,Austin Davidson,robert90@obrien.com,1,50
456,Richard Brown,jacquelinehale@johnson.biz,2,37
457,Sandy Hammond,wrightpatrick@ramirez.com,1,40
458,Matthew Weaver,wvargas@yahoo.com,1,15
459,Raymond Wood,mistylawrence@evans.com,2,19
460,James Bauer PhD,brendajohnson@greer.biz,1,4
461,James Campbell,trevor77@mendoza.net,1,32
462,Willie Patterson,patrickmosley@kaufman-arroyo.com,2,9
463,Lindsay Gonzalez,julie13@gmail.com,3,31
464,Robert Conley,lutzjavier@jackson-patterson.info,2,40
465,Craig Marshall,tchavez@gmail.com,2,45
466,Hannah Rowe,pperkins@garrett.org,2,6
467,Jill Thomas,jgraham@gmail.com,3,7
468,Blake Sanders,sue26@davis.com,3,35
469,Patricia Love,szamora@gmail.com,3,3
470,Karen Bowman,robertanthony@harris.com,2,26
471,Tiffany Pearson,brian71@hill.org,1,37
472,Brian Schroeder,vreyes@hotmail.com,1,46
473,Peter Smith,christopherblackwell@gmail.com,1,20
474,Dennis Salazar,yhouston@potter.com,2,21
475,Paul Garrett,sperez@holland-johnson.com,2,47
476,Mr. Steven Rhodes,kylie71@yahoo.com,1,13
477,Jeffrey Mcintosh,lisa68@hotmail.com,3,32
478,Manuel Bowman DVM,cherylsmith@jacobs.com,2,7
479,Justin Kelly,cooperkenneth@hotmail.com,1,46
480,Kelly Arnold,christopher52@yahoo.com,2,21
481,Angelica Wilkerson,arodgers@wilson.com,2,22
482,Jeffrey Alexander,jeffery97@yahoo.com,2,50
483,Cindy Williams,waltermark@long.net,3,33
484,Heather Jennings,lisagarrett@gmail.com,3,34
485,Greg Tyler,fwhite@gmail.com,2,27
486,Brianna Winters,ckelly@hernandez-cole.com,3,30
487,Derrick Schmidt,joseph52@hayes.com,2,17
488,Joe Price,allensonya@hotmail.com,2,25
489,Tina Gonzalez,collinsscott@palmer.net,1,21
490,Nancy Harrell,vanessagarcia@hotmail.com,1,39
491,William Bennett,bharrell@gmail.com,3,40
492,Ashley Rodriguez,gibsonmichael@yahoo.com,2,15
493,Bonnie Nichols,mikesmith@hotmail.com,1,10
494,Brianna James,clee@jones.biz,2,17
495,Larry Moore,shenderson@hotmail.com,2,20
496,Vanessa Berger,zbrown@hotmail.com,2,13
497,Emily Torres,tkemp@parker.com,3,50
498,Walter Williams,epitts@gomez-salas.com,3,20
499,Andre Miller,rlopez@hotmail.com,3,9
500,Alexandra Williams,amywhite@craig.com,1,7
501,Christopher Ayala,bmiranda@yahoo.com,3,39
502,Jessica Simmons,tammyjones@andersen-faulkner.net,3,41
503,Martin Fuller,laurieward@yahoo.com,1,47
504,Jacob Flores,rlewis@patterson-allison.com,1,18
505,Alexander Torres,qjohnson@gmail.com,1,8
506,Emily Daniels,dgonzales@gmail.com,3,36
507,Donald Marshall,heather05@gmail.com,1,49
508,Timothy Young,kevin68@meza.com,1,34
509,Ricky Hale,mistycastro@anderson.com,2,23
510,Carla Soto,masseyjeffrey@hotmail.com,1,10
511,Jennifer Patton,andrew72@hotmail.com,2,14
512,David Knight,erika11@gmail.com,2,44
513,Morgan Rowe,brownrebecca@gmail.com,2,32
514,Melissa Anderson,zjohnson@young.com,3,23
515,Aaron Colon,allison10@hotmail.com,2,11
516,Kristen Rodriguez,allensydney@norman.com,2,29
517,Bryan Santana,rsanders@yahoo.com,3,25
518,Courtney Hamilton,palmeramy@yahoo.com,2,14
519,Tiffany Duarte,millertimothy@gmail.com,1,8
520,Alfred Jones,shawnbrowning@williams-jones.org,2,3
521,Renee Stone,gonzalezrhonda@hotmail.com,2,32
522,Richard Allen,stuartsherry@hotmail.com,1,2
523,Christine Ponce,zbishop@gmail.com,1,26
524,Laura Lopez,howard34@wood-flores.info,1,23
525,Steven Mejia,patriciasampson@taylor.com,3,46
526,Tammy Tran,richard64@gmail.com,3,6
527,Brittany Sellers,joybarron@gmail.com,3,34
528,Emily Lewis,perezkenneth@ellis-hernandez.biz,3,36
529,Jessica Gonzales,michaelking@gmail.com,3,41
530,Michael Osborne,margaretcallahan@vasquez.biz,1,6
531,Jonathan Ingram,arobinson@francis.com,1,32
532,Ryan Adams,john86@becker.com,1,36
533,Dr. Susan Thomas MD,banksjessica@obrien.com,3,23
534,Robert Thomas,annawilliams@moore.org,3,33
535,Richard Spencer,zachary01@perkins.com,1,37
536,Juan Solis,vaughndarlene@hotmail.com,1,22
537,David Mitchell,gregoryhorton@yahoo.com,2,37
538,Vanessa Wallace,michaelochoa@harvey.info,3,20
539,Mr. Daniel Jacobson MD,groach@yahoo.com,3,24
540,Samantha Hernandez,christophermartinez@ballard.info,3,38
541,Mandy Mcdonald,qreyes@yahoo.com,2,33
542,Edward Lynch,sarahpatterson@gmail.com,1,35
543,Ryan Hines,mike61@yahoo.com,3,2
544,Patricia Bradford,jasonfrederick@gmail.com,3,28
545,Becky Saunders,justin80@maldonado-thomas.com,2,20
546,Danielle Lewis,kylebennett@hotmail.com,3,19
547,Melissa Bennett,aortiz@thomas.com,1,13
548,Rebecca Moore,mckenzierobertson@vasquez.com,2,16
549,Geoffrey Hill,nancy73@mercer.net,2,10
550,William Gonzales,nicholas42@adams.com,3,3
551,Maria Bennett,katiesmith@waters.com,1,14
552,Stephen Miller Jr.,brownnicole@pham.org,1,4
553,Jerry Flowers,pollardtimothy@knight-hayes.com,2,39
554,Kim Porter,michaeljones@gmail.com,1,2
555,William Harris,loriortega@yahoo.com,2,17
556,Kevin Stewart,jasonduffy@hotmail.com,3,32
557,Rachel Frank,hdelacruz@hotmail.com,2,12
558,Christopher Allen,lance66@gmail.com,3,7
559,Matthew Cooke,zcervantes@leon.com,3,26
560,Amy Cooper,nsuarez@hotmail.com,1,26
561,Michael Bond,nicholsonaustin@yahoo.com,3,26
562,Lauren Ho,pburns@gmail.com,2,29
563,Denise Huffman,tabitha64@hotmail.com,3,29
564,Corey Hill,heather34@hotmail.com,1,50
565,Sarah Rowe,lauraashley@dickerson.com,2,10
566,Janice Smith,hbenton@hotmail.com,1,9
567,Sherri Dalton,jacqueline01@rivera-mora.com,3,1
568,Jesse King,robertgray@williams.com,1,45
569,Jonathan Edwards,jeffersontina@mack-clay.com,1,43
570,Kimberly Mullen,stantoncarlos@payne.org,3,29
571,Karla Flynn,dayadam@meyers-church.com,2,4
572,James Payne,alyssa57@hotmail.com,3,3
573,Bruce Reed,mooremichele@gmail.com,3,49
574,David Reynolds,smithconnie@thompson-pace.org,3,36
575,Adrian Nielsen,john57@yahoo.com,3,23
576,Sandra Holloway,tom83@moore.info,2,8
577,Kristy Hall,rogersbarbara@hotmail.com,2,38
578,Kathryn Hayes,charles94@thompson-kemp.net,1,19
579,Kenneth Gomez,josephwallace@shelton.com,2,32
580,Robert Bright,melissa90@bernard.com,1,28
581,Jeffery White DVM,millerheather@simpson.com,1,27
582,Ashley Smith,robert01@rogers.com,2,11
583,Kristin Davis,carterjohn@wood-whitehead.info,2,37
584,Vickie Carter,ycoffey@hotmail.com,2,32
585,Victor Wilson,brandypeterson@yahoo.com,2,12
586,Christine Vaughan,kayla57@johnson.biz,2,33
587,Stephen Pruitt,joseph13@burnett.org,1,40
588,David Whitney,andrewsamanda@rodriguez-kelley.com,3,33
589,Eric Esparza,josephscott@hunter.net,2,11
590,Steven Gilmore,khall@yahoo.com,3,3
591,Stacey Wood,arellanomelissa@collins.com,2,14
592,Mackenzie Oneal,joshua24@wright-rodriguez.org,3,19
593,Michael Francis,iwhite@romero.com,2,5
594,Samantha Martin,kimberly19@bush.com,3,1
595,Patricia Ellis,vwallace@olson-davis.com,3,32
596,Ana Kidd,campbelljeremy@carter-valentine.com,2,38
597,Kimberly Mccoy,qjohnson@garrett-lewis.com,3,35
598,Carmen Barnes,malonesonia@baker.net,1,6
599,Jeremiah Peterson,shannon75@gmail.com,3,40
600,Andrea Sampson,ucrawford@hotmail.com,1,24
601,Diane Ellis,plove@crawford.com,2,11
602,Mitchell Wall,carrieclark@gmail.com,2,38
603,Megan Mclaughlin,kblack@schroeder.com,1,31
604,Anthony Howard,tanya49@yahoo.com,1,37
605,Megan Suarez,brogers@yahoo.com,1,28
606,Lucas Wyatt,lauren61@gonzalez.biz,2,19
607,Ralph Khan,danielbarnes@peters.com,3,14
608,Janice Dean,willispatrick@yahoo.com,3,38
609,Felicia Atkinson,deborahvelasquez@hotmail.com,1,18
610,Maria Morrison,heatherpetty@gmail.com,2,15
611,Mary Turner,smithmark@gmail.com,1,3
612,Heather Shannon,sullivanmary@gmail.com,1,12
613,Kelli Becker,timothy18@smith.com,3,3
614,Kenneth Golden,boyerjeremy@yahoo.com,3,22
615,Brian Garza,robinsonchad@gmail.com,3,16
616,Jamie Jimenez,ebonytaylor@yahoo.com,2,34
617,Dennis Nguyen,johnstonmolly@wise.com,1,26
618,Mrs. Amanda Dunn,geraldoliver@kaiser-elliott.com,1,28
619,Heidi Pace,smiranda@gmail.com,2,7
620,Sharon Freeman,melissaedwards@hotmail.com,2,16
621,Mary Fisher,bakerjamie@gmail.com,1,10
622,Ashley Green,zcallahan@scott.com,3,10
623,Elizabeth Rodriguez,lopezhailey@pena-rodriguez.info,2,13
624,Elizabeth Castillo,vroth@roach.com,2,19
625,Mr. Raymond Duffy DVM,liisabella@gmail.com,1,14
626,Jonathan Padilla MD,wknight@gmail.com,1,42
627,Casey Sanders,fking@yahoo.com,2,2
628,Stephanie Benitez,tfernandez@gmail.com,3,23
629,Cindy Sutton,david70@hotmail.com,2,6
630,Leslie Mccoy,nancy07@yahoo.com,3,44
631,Brandon Bennett,gharmon@weaver.net,3,29
632,Jose Lowe,lhorn@yahoo.com,3,15
633,Michael Winters,jmitchell@hansen.com,3,9
634,David Smith,bstewart@hotmail.com,1,41
635,Robert Hubbard,vazquezlaura@mckee-miller.com,2,32
636,Frank Sandoval,umorton@yahoo.com,2,12
637,Brandon Green,whitejeffery@hotmail.com,1,28
638,Steven Gonzalez,stephanie58@gmail.com,2,24
639,Alexis Moore,jnunez@dominguez.com,3,44
640,Erica Collins,ellen17@braun-jones.com,1,8
641,Troy Ruiz,nathanholloway@mitchell.org,3,4
642,Sarah Lee,johnwoodard@hotmail.com,3,23
643,Donald Haley,harperaaron@herrera.net,1,39
644,Susan Lee,john56@hudson.com,2,33
645,Chad Stewart,jasonhayes@rogers.net,3,14
646,Theresa Huang,laura38@hotmail.com,2,20
647,Matthew Sutton,fvilla@yahoo.com,3,47
648,Brianna Sullivan,mgonzalez@hamilton.biz,2,46
649,Vicki Kelley,mahoneyjulie@hawkins.net,3,5
650,Russell Chaney,davidorr@herring-chandler.com,2,22
651,Katherine Mccormick,jacobmiller@sherman.com,2,9
652,Renee Snyder,camposjames@yahoo.com,1,34
653,Lori Koch,conniehall@phillips.net,2,36
654,Jennifer Richards,sloanjessica@yahoo.com,1,49
655,Melody Torres,serranomarcus@yahoo.com,3,40
656,Melissa Coleman,james88@hotmail.com,3,33
657,Kelly Clark,matthewmay@ruiz.info,2,36
658,Cynthia Gray,newmandaniel@yahoo.com,2,26
659,Wendy Villarreal,raymond00@rocha.org,2,36
660,Jonathan Myers,cameron67@brown.com,1,38
661,Donald Griffin,brittanyreynolds@schneider.com,1,50
662,Samantha Lucas,lammegan@harris.net,3,17
663,Mr. Marcus Chan,bbaldwin@hotmail.com,3,28
664,Catherine Scott,hannah61@hotmail.com,1,15
665,Jennifer Robinson,mary87@weber.com,2,45
666,Regina Terry,rmartinez@yahoo.com,1,3
667,Robert Webb,vincentnichole@yahoo.com,1,18
668,Noah Gomez,william71@gmail.com,2,48
669,Cheryl Stephens,jessicamorris@hotmail.com,1,26
670,Paul Lopez,zoe13@anderson.com,1,19
671,Kerry Sheppard,william24@williams.biz,1,34
672,Jonathan Watkins,markbernard@hotmail.com,1,7
673,Jennifer Waters,heather12@gmail.com,2,13
674,Richard Young,vlopez@gmail.com,2,45
675,Aaron Bell,christopher65@foster.com,2,4
676,Donald Harrington,whitney34@yahoo.com,2,36
677,Ana Cox,tanyasmith@cameron.com,1,1
678,Mr. Aaron Perez MD,lauren44@mckenzie.com,3,37
679,Elizabeth Cervantes,zmartinez@roberts.com,3,28
680,Daniel Williams,ana57@yahoo.com,1,41
681,Steve Mullen,bburns@yahoo.com,3,15
682,Christine Clark,nicolewalker@yahoo.com,3,21
683,Brittney Harper,mrichardson@harris.net,3,27
684,Sarah Mejia,douglasterry@yahoo.com,3,50
685,Craig Robles,fhoffman@yahoo.com,3,26
686,Mr. Edwin Clark,christopherbrown@gmail.com,3,49
687,Jason Weber,vlee@smith.org,3,3
688,Kim Clark,yanderson@yahoo.com,2,23
689,Jared Townsend,amendoza@yahoo.com,2,42
690,Ms. Robyn Graham DDS,brandonhaynes@yahoo.com,3,16
691,Margaret Bass,christianrodriguez@yahoo.com,1,20
692,Gary Thompson,alyssa62@rush.net,3,36
693,Christopher Chan,david60@yahoo.com,3,2
694,Alan Porter,bennetttiffany@gmail.com,3,24
695,Nancy Gamble,esparzaadam@mckay-pearson.biz,2,15
696,Madison Collins,bondtodd@hotmail.com,2,31
697,Mr. Joseph Lin,fsanford@gmail.com,2,49
698,Shawn Clark,braunjoanne@fields.biz,3,31
699,Paul Werner,michaelcook@gmail.com,1,40
700,Michael Kaiser,laura25@hotmail.com,2,28
701,Christopher Knight,travis34@bryant-robinson.biz,1,44
702,Gary Reed,fisherkimberly@gmail.com,1,1
703,Paul Montgomery,hernandezwilliam@hotmail.com,1,26
704,Austin Boyd,eric02@humphrey.biz,1,42
705,Cindy Hubbard,dwells@armstrong-murphy.com,2,8
706,Luis Mcclain,maria94@hotmail.com,1,3
707,Annette Ramos DVM,sanchezbrenda@guzman.net,2,34
708,Aaron Lara,pateljohn@butler.com,2,5
709,Jessica Smith MD,cookalan@stone.com,1,25
710,Julie Howell,diazdavid@gmail.com,3,33
711,Dr. Rita Mcbride,brittanymassey@burton-flores.com,2,50
712,Devin Jones,ryan89@hotmail.com,2,8
713,Kenneth Parker,rjennings@harrington.com,2,6
714,Jacob Brooks,lguerra@wright.biz,2,7
715,Sarah Johnson,miranda28@gmail.com,2,34
716,Gloria Peterson,leonconnor@gmail.com,3,30
717,Lisa Chen,greenerachel@hotmail.com,2,45
718,Joshua Hall,sarahbennett@yahoo.com,2,26
719,Melanie Gomez,williamwilliams@hotmail.com,3,16
720,Thomas Marshall,losborne@yahoo.com,3,20
721,Wendy Morales,brenda87@gmail.com,1,31
722,Michelle Barker,mdaniels@rice-brock.com,1,14
723,Jack Phillips,jsexton@peterson.com,1,29
724,Larry Johnson,jessica16@hanna-lewis.org,1,32
725,Kevin Mitchell,eric30@hotmail.com,2,37
726,Alicia Hopkins,elizabeth35@morris.com,2,19
727,Cory Hanson,njohnson@hotmail.com,3,32
728,Douglas Waters,qhuff@griffin.com,3,38
729,Jennifer Bush,bweaver@wilson-short.biz,3,45
730,Deborah Thomas,rpark@freeman.com,2,38
731,Andrew Adkins,reedstephen@silva-clark.com,2,17
732,Courtney Garcia,diane46@king-ryan.com,1,36
733,Todd Dorsey,dillonbrown@williams.info,2,12
734,Madison Erickson MD,michael42@martinez-johnson.com,1,36
735,Christopher Bruce,genevalencia@gmail.com,1,21
736,Catherine Rose,kristen64@hotmail.com,2,40
737,Michael Torres,gary89@gmail.com,2,18
738,Vanessa Brown,emily64@jones.com,1,2
739,Spencer Wright,alexasanchez@brennan.com,2,47
740,Kelly Baker,kmedina@hotmail.com,3,6
741,Catherine Wright,zthompson@gmail.com,2,40
742,Joseph Santana,pporter@hotmail.com,3,39
743,Patricia Allen,sullivanryan@hotmail.com,3,46
744,Carolyn Meyer,damonthompson@moore-smith.com,2,15
745,Joann Williamson,jeremyglover@hotmail.com,3,38
746,Kelly Saunders,nathan58@miller-lopez.com,1,1
747,Kayla Lewis,hallandrew@yahoo.com,1,8
748,Alexander Nguyen,gwilliams@lynn.org,2,24
749,Michael Mack,mdudley@yahoo.com,3,8
750,Michael Braun,craig39@gmail.com,1,15
751,Kathleen Henderson,teresa51@montoya.biz,3,22
752,Joshua Wilcox MD,jameslawson@barber.biz,2,29
753,Haley Carr,todd49@hotmail.com,2,47
754,Alejandro Barnes,gwoods@dyer.com,1,5
755,Crystal Franco,nicholas00@hotmail.com,1,50
756,Heidi Clark,gherrera@gmail.com,1,14
757,James Barry,martinezlisa@snyder-anderson.biz,2,46
758,Amber Hinton,wgalloway@howard.com,2,19
4624,Shelby Carr,scdavissusan@yahoo.com,2,35
760,Stephanie Powell,alexanderbarber@yahoo.com,3,18
761,Matthew Zavala,jack25@diaz.biz,3,50
762,Dustin Gonzales,aolson@yahoo.com,2,40
763,Jill Garrett,ericlindsey@hubbard.biz,1,47
764,Sheila Mccoy,danny46@gmail.com,2,23
765,Kyle Hernandez,omoore@hotmail.com,2,10
766,Karen Blackwell,jennifer77@clements-hayes.com,1,21
767,Brooke Ellison,david15@ward.net,3,37
768,Mark Wilson,nsmith@walker.com,3,48
769,Jordan Villarreal,gtorres@hotmail.com,1,50
770,Beverly Vega,bsanchez@silva.biz,2,47
771,Mitchell Koch,flogan@nixon-rivera.com,2,46
772,Nicholas Davis,bsolis@gmail.com,1,32
773,Ann Hart,vsnyder@hotmail.com,3,4
774,Elizabeth Perez,olsoncharles@yahoo.com,2,3
775,Debbie Jennings DVM,ygates@lewis.org,2,47
776,Danielle Nicholson,teresa21@mcgee.com,2,1
777,Susan Stanley,nicholasgilbert@hotmail.com,2,15
778,William Smith,kyle36@spears-trevino.com,2,29
779,John Gates,johnstonkiara@hotmail.com,1,49
780,Jacob Finley,april37@yahoo.com,1,35
781,Christopher Washington,lisa27@gmail.com,1,4
782,Mario Hill,orusso@hotmail.com,2,49
783,Matthew Drake,fieldsmichael@gmail.com,1,47
784,Kristin Warner,nicholas78@jimenez-vargas.com,3,19
785,Shelley Peterson,shepardjonathan@yahoo.com,1,23
786,Caitlyn Merritt,ericsmith@yahoo.com,1,10
787,Desiree Johnson,pattontara@chandler.com,3,19
788,Heather Bowers,tylerdunn@green.com,2,8
789,John Hernandez,kayla28@carpenter-sandoval.com,1,46
790,Matthew Briggs,taguilar@davis.com,2,12
791,Marie Campbell,vwilson@hotmail.com,2,11
792,Danielle Stewart,stewartroger@yahoo.com,3,22
793,Jade Wade,markhardy@hotmail.com,3,39
794,John Li,kristinalutz@howell-willis.com,3,47
795,Michael Lowery,samuel37@roach.biz,3,48
796,Dr. Joseph Vaughn,youngcarolyn@hernandez.com,1,24
797,Stanley Brown,martinallen@yahoo.com,3,20
798,Benjamin Key,james98@yahoo.com,2,49
799,Ann Murray,nataliewhite@gmail.com,3,14
800,Austin Burgess,greenjeremy@gmail.com,3,38
801,Stephanie Hurley,mcgrathchristine@mccarty.net,1,30
802,Crystal Roberson,amanda73@morris-smith.com,1,25
803,Cheryl Dunn,bclark@gmail.com,3,6
804,Bethany Middleton,vdeleon@hotmail.com,3,48
805,Janice Morrow,kgarcia@morgan-maxwell.info,3,30
2069,Sharon Gomez,sgderekchristensen@yahoo.com,1,24
807,Joseph Butler,kchapman@hotmail.com,3,18
808,Bethany Smith,gregory82@hotmail.com,3,6
809,Elizabeth Morrow,wfrederick@barton.net,1,14
810,Nicole Bautista,jonathanfreeman@fleming-flores.info,2,35
811,Mary Key,amandajackson@hotmail.com,1,15
812,William Davis,jessicadunn@davis.com,1,50
813,Marissa Munoz,rogerjohnson@gmail.com,3,31
814,Heather Ramos,bakerholly@pham.com,3,5
815,Lindsay Petersen,carriejohnson@hotmail.com,1,4
816,Nicholas Rodgers,labbott@knight.com,2,34
817,Brandi Bell,victoria74@gmail.com,3,13
818,Dennis Martinez,lmitchell@dixon-robertson.com,1,21
819,Kaitlyn Ortiz,scotthamilton@gmail.com,2,12
820,Andrea Lawson,nicholaswalker@yahoo.com,2,3
821,Stephen Smith,shelley07@wilson-mathews.com,2,12
822,Jacob Johnson,jberry@hotmail.com,2,21
823,John Sandoval,brojas@palmer.org,1,22
824,Jennifer Farrell,sharon33@gmail.com,2,26
825,Lindsay Larson,dana93@gmail.com,3,30
826,Lorraine Armstrong,qbowen@hotmail.com,3,44
827,Cody King,patrickwilliams@moore-wheeler.biz,1,29
828,Kara Davis,kristinfuentes@hotmail.com,1,12
829,Benjamin James,parkslaura@graves.org,3,24
830,Brenda Harris,kstewart@yahoo.com,1,32
831,John Leach,kristinwebb@gmail.com,2,47
832,Samantha Flores,brenda86@myers.com,1,46
833,Kyle Beck,mitchellsamuel@gmail.com,1,34
834,Collin Mcmahon DVM,anna09@villarreal-mckinney.com,1,2
835,Garrett Ford,brianwilliams@mercer.biz,3,43
836,Rachel Benton,amanda66@mann.com,3,8
837,Kimberly Taylor,richardmiller@anthony.biz,3,1
838,Angela Lopez,vgonzalez@rollins.biz,1,24
839,Keith Gonzalez,william40@yahoo.com,2,25
840,Rebecca Johnson,ilopez@carroll.com,3,42
841,Brandon Brown,petersonjames@wood.net,1,17
842,Ashley Edwards,jerry17@davis.org,3,22
843,Tyler Edwards,daniel22@gates-gross.com,3,48
844,Wayne Turner,nichole33@hotmail.com,3,23
845,Chelsea Chase,msanders@yahoo.com,2,32
846,Norma Black,zdavis@bishop.com,2,32
847,Daniel Golden,gwright@yahoo.com,1,28
848,Kevin Young,kimberly43@coleman.com,3,24
849,William Smith,jhudson@sanchez-mills.com,1,9
850,Joseph Aguilar,billyburch@hunter.org,2,22
851,Daniel Osborne,victoria51@rios-robinson.org,2,6
852,Angela Olson,shepherdalexandra@hotmail.com,3,15
853,Tammy Gray,rjohnson@hotmail.com,1,24
854,Donald Ayers,myersantonio@travis.biz,3,21
855,David Salazar,johnsonpatricia@yahoo.com,3,46
856,Kimberly Gilbert,rochaalicia@golden.biz,2,16
857,John Taylor,frank92@gmail.com,1,18
858,Carl Page,jasonsmith@dixon.com,2,31
859,David Baker,blakerich@yahoo.com,1,45
860,Jennifer Miller,todd68@gmail.com,3,16
861,Lauren Payne,marshallmichael@king-thornton.com,3,41
862,Amanda Flores,emily17@williams.com,1,19
863,Linda Ortiz,frobinson@nguyen.com,3,14
864,Ryan Mills,davidrodriguez@hotmail.com,3,35
4259,Kelly Sutton,ksderekchristensen@yahoo.com,3,28
866,Derrick Goodwin,antonioleon@yahoo.com,1,16
867,William Estes,lisapatton@yahoo.com,1,34
868,Timothy Smith,james97@white-singh.biz,2,5
869,John Ewing,vconley@banks.com,2,6
870,Sean Thomas,daniel92@hotmail.com,3,25
871,Amanda Williams,katelynanderson@henson.com,1,29
872,Bryan Brown,vherrera@gmail.com,3,39
873,Kevin Wiggins,angelasherman@hotmail.com,3,27
874,Megan Flores,rebecca14@smith.com,3,32
875,Ashley Smith,polson@yahoo.com,2,18
876,Larry Fields,tannerpage@gmail.com,1,36
877,Monica Rodriguez,danielsmichael@phelps.com,3,8
878,James Morgan,jray@hotmail.com,1,19
879,Kevin Todd,cortezjudy@hotmail.com,3,41
880,Edward Dawson,lhanna@gmail.com,3,46
881,Johnny Mcmillan,millererin@gmail.com,2,7
882,Michael Bryant,kevin91@brown-reynolds.biz,2,7
883,Daniel Russell,robertsonsteven@gmail.com,1,39
884,Stephen Simmons,mitchell39@tapia.com,3,44
885,Margaret Murphy,kingjames@lane.com,2,41
886,Michelle Coleman,thomas60@kaufman.net,1,26
887,Alexis Sanchez,brandon86@wood.info,1,11
888,Nancy Harris,grant02@murray.biz,3,4
889,Tasha Martin,vsmith@wilson.com,3,13
890,Samantha Moore,brianna13@yahoo.com,1,24
891,Patricia Smith,annponce@carter-gonzales.net,1,16
892,Heather Sandoval,bmaldonado@hunt.biz,2,44
893,Sean Cooper,morgancooper@hotmail.com,2,34
894,Richard Neal,johnsonluis@hotmail.com,2,38
895,Christopher Page,dfields@hotmail.com,1,33
896,Megan Sampson,riossarah@gardner.net,2,44
897,Jacob Peterson,qduran@gmail.com,2,50
898,Courtney Bridges,stevenbates@case.com,2,20
899,Robert Randolph,fgarcia@moore.net,3,30
900,David Tucker MD,stoutrobert@paul-williams.com,2,48
901,Teresa Scott,taylormatthew@kennedy.info,3,33
902,Alan Payne,joshua74@martinez.net,2,6
759,Robert Clark,rcfmartin@yahoo.com,1,23
904,Donald Snyder,dawn63@chan.com,2,5
905,Eric Foster,devonvargas@harris.org,1,14
906,Maria Bailey,jordanmargaret@silva.com,3,19
907,Laura Gray,kgalvan@hotmail.com,1,6
908,Emily Skinner,yhines@gmail.com,3,18
909,Dennis Brady,traci45@rogers.biz,3,33
910,Brittany Turner,fsmith@white.com,1,4
911,Matthew Molina,vsims@yahoo.com,2,11
912,Lawrence Robinson,jose95@hotmail.com,3,5
913,Thomas Smith,whiteneil@gibson-anderson.com,3,23
914,Brittney Booth,chanrachel@hotmail.com,1,13
915,Tina Myers,charles65@rosario.info,2,33
916,John Johnson,hkirk@yahoo.com,3,29
917,Tracy Harrison,daniel85@yahoo.com,3,36
918,Brandi Hamilton,deborah72@anderson-miller.biz,3,30
919,Diane Russell,jcollins@white.org,1,48
920,Mary Bonilla,amynguyen@perry-jackson.com,1,34
921,Jennifer Hamilton,littlekenneth@martin.com,1,32
922,Elizabeth Bradley,daleshort@yahoo.com,3,3
923,Deborah Palmer,aortega@hotmail.com,3,36
924,Rodney Orr,ygibson@yahoo.com,1,38
925,Alison Anderson,torrescrystal@yahoo.com,1,3
926,Bradley Long,skelley@conway.org,1,41
927,Sarah Ayala,parksaustin@wagner.com,2,18
928,Daniel Brown,elizabeth62@gmail.com,3,31
929,Nicole Fox,angelaboyle@gmail.com,3,1
930,Wendy Hanson MD,lesliestark@gmail.com,3,47
931,Derrick Aguilar,rebecca66@gutierrez.net,1,33
932,Miss Kiara Flynn,hensontheresa@pena.com,2,31
933,Brian Kelley,stacey05@burns-martinez.net,1,40
934,Shawn Moreno,vernon47@atkins.net,1,27
935,Christopher Cole,kevindavenport@fuentes.com,3,47
936,Nicole Peters,annette68@gmail.com,1,38
937,Heather Craig PhD,amynash@gonzalez-valdez.com,2,27
938,Gina Torres,gmann@yahoo.com,3,19
939,Ryan Moore,randy81@gmail.com,3,34
940,Virginia Johnson,sperez@hotmail.com,1,6
941,Derek Thomas,pamelastevens@hotmail.com,2,8
942,Joshua Jones,mortiz@turner.biz,3,12
943,Stacey Medina,jadams@yahoo.com,1,37
944,Christina Leach,david67@yahoo.com,1,8
945,Taylor King,ajones@hotmail.com,3,50
946,Cassandra Allen,youngheather@harris.com,3,20
947,Brandy Stark,brittanyhardy@yahoo.com,3,19
948,Anthony Nelson,mossjonathan@hotmail.com,2,28
949,Joshua Mccall,nicole16@bryan-soto.info,1,46
950,Scott Mccoy,josephdouglas@yahoo.com,2,2
951,Gregory Crawford,martha55@gmail.com,2,43
952,Jesse Perkins,michellerose@stewart.com,2,14
953,Sara Jimenez,charlotte10@smith-lee.info,1,29
954,Danielle Miller,katelynperry@mcfarland-molina.net,3,32
955,Joseph Morrow,wrightbrian@harris-holmes.info,1,17
956,Penny Paul,michael62@yahoo.com,2,18
957,Dawn Brooks,davidmartinez@gonzalez.com,2,11
958,Michael Massey,tiffanyjohnson@baldwin.net,2,24
959,Mike Waters,vlucas@cowan.com,1,34
960,Joshua Williams,danielle72@gmail.com,3,29
961,Timothy Johnson,xfitzpatrick@kirby.org,2,49
962,Nicole Jones,mitchell33@dunlap-davis.com,2,34
963,Jonathan Brown,katherine55@mckinney.com,2,25
964,Regina Guzman,mark56@yahoo.com,3,47
965,Vanessa Fletcher,cherylwall@yahoo.com,3,12
966,Kenneth Boyd,lisabyrd@perez.com,1,39
967,Lori Fowler,johncarter@king.com,1,3
968,Diana Torres,smithian@mayer-jones.info,3,7
969,Randy Dunn,imccoy@smith-johnson.org,1,50
970,Cynthia Jenkins,nmorrison@hotmail.com,2,14
971,Richard Lucas,adriennenguyen@hotmail.com,3,39
972,Dr. Angie Meyer,brentwashington@herrera.com,2,46
973,Jessica Brown,bethmalone@daniels-scott.com,3,19
974,Mr. Jeffrey Woods,collinreyes@terry.com,2,18
975,Mary Ayala,jesuscastro@nelson.org,1,41
976,Roy Davis,bowmandavid@hotmail.com,3,44
977,Richard Weaver,joneschristopher@gmail.com,1,11
978,Anthony Mullins,gardnerchristopher@hotmail.com,1,10
979,Kaitlyn Powell,josephgreer@hernandez.com,2,25
980,Bryan Cruz,aprilroberts@gmail.com,2,48
981,Todd Brown,elizabeth33@yahoo.com,2,18
982,Christine Esparza,bowmanmiranda@vargas.com,3,7
983,Jack Allison,ckennedy@gmail.com,3,41
984,Nicholas Monroe,wwarner@peterson-hernandez.com,1,3
985,Miss Kimberly Evans,pcaldwell@gmail.com,3,35
986,Eric Richardson,ralph57@harrington.net,3,12
987,Grant Simmons,troberts@owen-garcia.com,3,34
988,Yesenia Flores,trodriguez@kim.com,2,11
989,Brandon Copeland,zrobinson@hickman.net,3,13
990,Joseph Wilson,webbricky@mendoza-wagner.com,1,3
991,Dustin Nelson,holmesbrandon@hansen.info,3,17
992,Ashley Mitchell,odavis@gmail.com,1,21
993,Jessica Higgins,yrodriguez@clark-sanchez.net,1,28
994,Joshua Jones,larsoncynthia@horn-shields.com,3,31
995,Heidi Cooper,justin31@jones-brooks.info,3,16
996,Stephanie Cook,mullinserik@lopez.com,3,16
997,Madison Melendez,shernandez@gmail.com,3,29
998,Jennifer Davis,nfrey@valenzuela.com,3,45
999,Kristina Owens,vsanchez@yahoo.com,1,8
1000,Mark Flynn,udaniels@hotmail.com,1,15
1001,Erica Bailey,michaelsimmons@davis.com,2,45
1002,Ashley Daniels,brianna15@yahoo.com,1,37
1003,Bruce Flores,yanthony@gmail.com,2,39
1004,Brent Zamora,anthony96@matthews.info,2,15
1005,Mark Thompson,xdavis@yahoo.com,2,49
1006,Julia Weeks,corey19@yahoo.com,2,12
1007,Mitchell Wright,kirk56@hotmail.com,1,20
1008,Dylan Jones,lorihuber@gmail.com,1,46
1009,Felicia Cameron,chavezmelissa@ball.com,3,47
1010,Tyler Romero,juanstevenson@hotmail.com,3,30
1011,Nicholas Nunez,brooksalexander@yahoo.com,2,28
1012,Kayla Mathis,ahill@gmail.com,3,42
1013,Samuel Mccarty,qcain@collins.com,3,9
1014,Adam Lara,xprice@hotmail.com,1,19
1015,Pamela Ballard,wsanders@yahoo.com,3,43
1016,Melissa Jenkins,jwinters@lopez-quinn.net,1,7
1017,Richard Vargas,nelsonleslie@hotmail.com,3,13
1018,Melissa Carter,markfox@chapman-gamble.net,1,17
1019,Michael Sanders,sara59@luna.com,3,29
1020,Victoria Bryant,mary53@hotmail.com,3,25
1021,Jennifer Haynes,jonathan23@carey.com,2,6
1022,Michael Moore,jennifervasquez@hotmail.com,3,2
1023,Bobby Garcia,whitesteven@yahoo.com,2,37
1024,Rachel Williams,belljim@hotmail.com,2,7
1025,Adam Sanders,andradetiffany@yahoo.com,1,28
1026,Jennifer Davis,steven19@kelly-pierce.net,1,41
1027,Amber Vaughn,ryan92@yahoo.com,1,43
1028,Jennifer Lutz,christopher35@gmail.com,2,13
1029,Eric Jackson II,jaguilar@yahoo.com,1,50
1030,Shelby Eaton,karanelson@gonzalez.com,1,4
1031,Rebecca Hardy,xkennedy@smith-hendrix.com,2,41
1032,Robin Martin,hcooper@hotmail.com,2,13
1033,Brent Blake,butlerjon@yahoo.com,3,34
1034,Amber Cooper,ian24@lee.org,2,11
1035,Dorothy Barry,wagnerrobert@crawford.biz,2,40
1036,Heather Casey,ronald51@wells.org,1,34
1037,Daniel Ferguson,colin66@hotmail.com,1,38
1038,Jaclyn Wise,erika70@gmail.com,1,49
1039,Andrew Williams,nriley@curtis.com,3,30
1040,Timothy Vaughn,jwaters@gmail.com,1,35
1041,Timothy Stokes,mccallheather@yahoo.com,1,20
1042,James Campbell,markjohnson@hotmail.com,3,39
1043,Blake Reese,wendyandrade@gmail.com,3,15
1044,Michelle Ortega,heidi42@pham.org,1,50
1045,Roberta Kramer,margaretjackson@kirby.com,3,38
1046,Teresa Mason,erica16@gmail.com,2,24
1047,Anthony Miller,ricky94@landry.com,3,27
1048,James Jones,tranbrittany@hotmail.com,1,12
1049,Ashley Morales,vasquezmolly@hotmail.com,2,10
1050,Christie Hunt,brookeperez@hotmail.com,3,45
1051,Joseph Gentry,amanda40@hotmail.com,1,17
1052,Alisha Jones,bauerelizabeth@gmail.com,3,19
1053,Tammy Harris,ganderson@yahoo.com,1,24
1054,Eric Jenkins,brittany96@davis-poole.net,3,20
1055,Mary Jordan,marshallmichael@gmail.com,1,46
1056,Kara Brooks,leah01@greene.com,3,17
1057,Yesenia Harvey,debbieforbes@hotmail.com,3,39
1058,Teresa Jackson,joshuafisher@green-hurley.com,1,7
1059,Keith Robbins,ocarter@cantrell.info,3,15
1060,Joan Thompson,whitneyhowell@gmail.com,1,40
1061,Rhonda Johnson,wellsadam@johnson.com,3,27
1062,Matthew Callahan,gbrady@garcia.info,2,3
1063,Jerry Lucas,cody92@gmail.com,1,20
1064,Amber Greene,mterrell@hoffman.info,3,16
1065,Bradley Robinson,vsnow@yahoo.com,2,7
1066,Kelly Pena,tyleradam@yahoo.com,3,16
1067,Kelly Reynolds,thomashill@carter.com,3,27
1068,Cheryl Bates,vmeyers@watson.org,2,50
1069,Brad James,luke35@bauer.com,2,46
1070,Ashley Hudson,theresajones@yahoo.com,1,5
1071,Noah Davenport,nancy72@pham.com,3,48
1072,Paul Meyer,qallen@kim.org,1,34
1073,Valerie Brown,sandra47@gmail.com,2,4
1074,Michael Mcintosh,susanrodriguez@hotmail.com,2,17
1075,Rachel Sandoval,kylesmith@brown-chapman.com,1,21
1076,Cynthia Price,jacquelinerivera@collins.com,1,4
1077,Veronica Franklin,stacyvillanueva@buchanan.net,2,38
1078,Eric Conley,leewilliam@ruiz.com,3,45
1079,Nathan Griffin,tammy79@yahoo.com,2,39
1080,Edward Stone,jerome93@hotmail.com,2,17
1081,Alexander Roach,estrickland@flores.info,3,27
1082,Rebecca White,sara47@yahoo.com,3,19
1083,Stephen Moore,janet56@hotmail.com,2,40
1084,William Mitchell,heather44@watkins-johnson.com,1,48
1085,Amanda Miller,xmoore@myers.net,1,37
1086,Andre Cruz,elizabethmiller@gmail.com,1,12
1087,Timothy Williams,evan29@wilson.com,3,6
1088,Leslie Smith,qlittle@tyler.com,2,36
1089,Mrs. Kelly Nelson,higginswilliam@gmail.com,1,13
1090,Diane Potts,lopezcory@gmail.com,1,4
1091,Kirk Peterson,jonathan78@gmail.com,3,34
1092,Shannon Maldonado,hspencer@crawford.com,1,49
1093,Andrew Griffith,pchung@pham-simpson.com,2,7
1094,Ricky Saunders,jilliangilbert@yahoo.com,3,42
1095,Christopher Garcia,vbarnes@boyd.info,1,9
1096,Jeffrey Ingram,anthony91@romero.info,3,15
1097,Elizabeth Snyder,hallanna@benjamin-arnold.info,2,44
1098,Richard Duke,gclark@wood.com,2,36
1099,Katherine Dalton,holtdavid@yahoo.com,3,13
1100,John Cannon,james51@webster-hatfield.biz,2,50
1101,Lisa Lopez,barbara38@jones-williams.com,1,16
1102,Tommy Martin,nicolas60@hotmail.com,1,32
1103,Deborah Palmer,shelleywallace@hotmail.com,1,48
1104,Mr. Danny Gregory,aprilgarcia@gmail.com,3,21
1105,Lauren Rice,stevenburgess@gonzalez.com,2,38
1106,Edwin Stevens,shafferdevon@hotmail.com,1,4
1107,Mr. Christopher Powell MD,thomasamanda@moore-parker.com,2,39
1108,Mrs. Rebecca Wilkerson,donald32@smith-lawrence.com,1,23
1109,Mark Burton,frederickswanson@gmail.com,3,50
1110,Michael Friedman,keith67@kramer-williams.org,3,36
1111,Colleen Webb,jonathan73@brock.org,3,30
1112,Rachel Sexton,ywilliams@garcia.com,2,40
1113,Eric Reid,jessicarice@baker.com,1,2
1114,Katherine Lee,igoodwin@peters-rios.info,1,18
1115,Ryan Smith,ehanson@harvey-mills.com,1,28
1116,George Williams,zcoleman@hotmail.com,1,46
1117,Barbara Torres,lpearson@mcguire.com,2,10
1118,Kevin Nelson,ericaking@willis.com,2,5
1119,Emily Scott,qhenry@gmail.com,2,40
1120,Lori Mendez,iwest@fitzgerald.com,3,18
1121,Darren Carroll,braunmaria@murphy.info,1,32
1122,Pamela Reynolds,daviscarla@jones.com,1,24
1123,Robert Watkins,jwright@gmail.com,3,28
1124,Jacqueline Henderson,welchalexander@booker.org,3,11
1125,Jared Lopez,hicksryan@wise.com,1,5
1126,Megan Hubbard,vgarcia@gmail.com,1,36
1127,Teresa Bullock,fturner@hotmail.com,1,45
1128,Crystal Summers,jenniferlucas@gmail.com,1,41
1129,Jordan Johnson,edwardsbrandon@martinez.biz,2,34
1130,Connie House,amber53@hotmail.com,3,29
1131,John Hernandez,norma22@hicks.com,1,36
1132,Jennifer Calhoun,philipbryant@hotmail.com,3,21
1133,Susan Lane,gwiley@yahoo.com,1,25
1134,Patricia Shannon,ecoleman@yahoo.com,3,20
1135,Jeffery Thomas,zanderson@yahoo.com,1,43
1136,Jamie Campbell,sheltonmichael@crawford-baker.com,3,37
1137,Cody Tate,john01@gmail.com,1,45
1138,Michael Beasley,stephanie42@hotmail.com,1,48
1139,Brandon Black,turnererica@frost.com,2,31
1140,Justin Davidson,welchjames@sims.info,1,22
1141,Audrey West,riversalice@hotmail.com,2,2
1142,Brandon Murphy,keithstark@smith-pratt.com,3,20
1143,Kyle Allen,erica35@hotmail.com,1,2
1144,Michelle White,laurenbailey@williams.org,1,23
1145,Cassandra Marshall MD,xbradley@christensen.com,3,23
1146,Adrienne Moore,randallday@yahoo.com,3,38
1147,Carl Sweeney,hallen@maldonado.com,3,16
1148,Destiny Mason,jwolf@hotmail.com,1,45
1149,Mark Wilson,danielle62@brooks.com,2,34
1150,Jessica Weeks,melissabarber@hotmail.com,2,23
1151,John Hall,mflynn@yahoo.com,2,4
1152,Billy Anderson,ashley29@hotmail.com,1,4
1153,Laura Winters,adamsmark@hotmail.com,2,24
1154,Jeffrey Valdez,oharmon@hotmail.com,3,14
1155,Jennifer Santiago,cherylcastro@arnold.com,1,3
1156,Breanna Hamilton,andrea43@gmail.com,3,4
1157,Stephanie Bishop,johnsonkurt@gmail.com,3,16
1158,Tracy Nguyen,fieldselizabeth@page-roberts.org,2,27
1159,Colin Flores,williammartin@gmail.com,2,24
1160,Catherine Lee,jjacobs@yahoo.com,2,31
1161,Karen Mitchell,philipflores@duran.biz,2,46
1162,Katherine Wallace,timothyhoffman@fisher.com,2,17
1163,Karen Brown,jamie91@turner-dean.net,1,46
1164,Eric Watts,bowersstephen@hall-diaz.net,3,12
1165,Robert Camacho,christopher75@watson.biz,3,26
1166,Deborah Curtis,samantha66@yahoo.com,1,8
1167,Virginia Mccall,garzakimberly@hotmail.com,2,23
1168,David Bass,tracystrickland@hotmail.com,3,13
1169,Chris Rojas,charles93@marsh.com,1,40
1170,Mary Luna,jameschapman@yahoo.com,1,22
1171,Michael Murphy,christine93@miller.com,3,48
1172,Jason Patton,vincentcharles@gmail.com,2,24
1173,Samantha Schneider,xrich@smith.com,3,14
1174,Amy Sullivan,thompsonholly@garcia.com,1,5
1175,Matthew Webster,byrdcarolyn@carpenter.com,2,16
1176,Summer Sims,elainegonzalez@gmail.com,2,39
1177,Barbara Curtis,brian81@gmail.com,3,28
1178,Christopher Smith,suewatts@clark.com,3,26
1179,Anthony Hamilton,frhodes@jackson.com,3,27
1180,Donna Sullivan,seanfoster@carroll-williams.com,3,40
1181,Joshua Fisher PhD,sgates@perry.com,2,36
1182,Larry Escobar,diane25@gmail.com,3,35
1183,Mary Tran,amandahunt@gmail.com,2,21
1184,Hannah Brown,woodwardnancy@garrison.com,2,48
1185,Mark Ramos,nelsondeanna@hotmail.com,3,39
1186,Carl Atkins,lgonzales@patterson.info,1,17
1187,Alison Shelton,dbowman@buck-reynolds.net,1,17
1188,Rachel Smith,william32@hotmail.com,1,16
1189,Dr. Cory Dudley,jle@johnson.net,1,2
1190,David Riley,daltongregory@yahoo.com,1,49
1191,Scott Chase,robinsonrachel@jones.org,3,4
1192,Jessica Wagner,raymond95@johnson.com,1,22
1193,Andrew Vasquez,michaelreed@yahoo.com,2,1
1194,Ian Smith,xrichardson@ruiz-dickson.com,3,30
1195,Janice Ryan,monicaortega@yahoo.com,3,2
1196,Vincent Fox,megan20@welch.biz,2,33
1197,Nicholas Elliott,brownmisty@gmail.com,3,45
1198,Wanda Kelly,jonesmike@gmail.com,3,42
1199,Jason Ortiz,kenneth33@jacobs.net,2,2
1200,Megan Beasley,johnmaldonado@yahoo.com,1,17
1201,Rhonda Lindsey,vmelton@hotmail.com,3,19
1202,Cynthia Marshall,kevinwolfe@rodriguez.com,3,22
1203,Anthony Rogers,william75@shepherd-edwards.info,2,41
1204,Garrett Clayton,coxchristine@anderson.info,3,14
1205,Juan Dean,agriffith@munoz-snyder.com,3,26
1206,Jennifer Valenzuela,dperez@barnes.com,1,5
1207,Victoria Dunn,chandlerbridget@yahoo.com,2,15
1208,Jessica Green,burnsjennifer@martinez-berg.com,3,38
1209,Daniel English,regina82@reyes.info,1,46
1210,Christopher White,kelleyveronica@may.com,1,34
1211,Scott Powell,mavila@yahoo.com,2,26
1212,Alexis Moyer,kbenson@buchanan.com,1,49
1213,Anna Daniel,ulamb@ramos-brown.com,3,17
1214,Eric Davis,miranda09@nunez.com,1,8
1215,William English,johnsdonald@kerr.net,3,11
1216,Michael Williams,kevinrichards@yahoo.com,2,30
1217,Dennis Smith,bbaker@berry.org,1,42
1218,Daniel Lewis,mitchellerica@yahoo.com,1,23
1219,Kenneth Winters,cjones@hotmail.com,3,38
1220,Erica Curtis,williegreen@yahoo.com,3,10
1221,Robert Valenzuela,davidwagner@yahoo.com,2,13
1222,Nicholas Murillo,dharrison@hotmail.com,3,31
1223,Marcus Quinn,flong@hotmail.com,1,44
1224,Garrett Davis,jacquelineduncan@yahoo.com,3,37
1225,Amy Wang,nicholas09@gmail.com,3,43
1226,Mark Mcneil,lstanley@yahoo.com,1,36
1227,William Washington,whitneygarcia@gmail.com,1,38
1228,Brett Porter,vhorn@hotmail.com,2,37
1229,Bruce Miranda,bradyjimmy@gmail.com,1,27
1230,Tracey Ellis,carolyn09@allen.biz,2,22
1231,Michael Mccoy,omartin@chapman-turner.com,1,45
1232,Michael Edwards,nbridges@hotmail.com,2,16
1233,Jennifer Ashley,harrissteven@hall.org,3,18
1234,James Perry,qhill@beasley-salazar.biz,1,16
1235,Mrs. Maureen Campbell DVM,bsimpson@gmail.com,1,36
1236,Karen Smith,vwest@gmail.com,2,12
1237,Robin Fuller,ericmitchell@rodriguez.biz,1,38
1238,Jerry Stuart,thomashiggins@sosa.com,1,42
1239,Jason Nelson,bmaldonado@yahoo.com,1,28
1240,Crystal Tate,cameronkeller@yahoo.com,3,22
1241,Jay York,cflowers@alvarez.com,3,50
1242,Katherine Pratt,yperez@ryan.com,1,10
1243,Linda Sanchez,simpsonmichael@yahoo.com,3,8
1244,Todd Sanders,pbowman@gmail.com,1,1
1245,Kelly Pineda,henry26@yahoo.com,3,17
1246,Jill Smith,wrobertson@welch-yates.com,1,35
1247,Samuel White,traviswilliams@gmail.com,1,35
1248,Mrs. Brenda Sullivan,fmunoz@cervantes.net,1,30
1249,Randall Scott,georgepeterson@hotmail.com,3,14
1250,Todd Byrd,ygonzalez@mcgrath.biz,1,16
1251,Jane Banks,kpeterson@gmail.com,3,29
1252,Dr. Gail Kennedy,martinpamela@yahoo.com,2,42
1253,Stephanie Nunez,xwilkinson@hotmail.com,1,24
1254,Sean Hernandez,cday@yahoo.com,3,18
1255,Joshua Austin,rrussell@kim.com,2,39
1256,Dr. Patricia Hobbs MD,sergiocombs@prince.com,2,4
1257,Justin Curry,xperez@osborne.com,3,13
1258,Brian Chen,bflores@oconnor-williams.com,2,32
1259,Amanda Davis,youngstacy@bartlett.info,2,15
1260,Jennifer Flores,gabriela90@rhodes.com,3,33
1261,Stephanie Robertson,rdecker@hotmail.com,1,44
1262,James Jones,xjones@miller.info,3,15
1263,Eric Mercado,mholmes@gmail.com,2,47
1264,Isabella Butler,utanner@gmail.com,1,33
1265,James Weaver,angelhess@yahoo.com,1,21
1266,Victoria Farrell,bturner@gmail.com,2,10
1267,Michael Hunt,epayne@yahoo.com,3,21
1268,Jennifer Wilson,crystal02@ross-moss.com,2,19
1269,Michael Butler DDS,warias@yahoo.com,3,7
1270,Sonia Kennedy,scott53@yahoo.com,2,47
1271,Dr. Sara Sanchez,manuel92@jenkins.net,2,17
1272,Julie Jacobs,benjamin79@hotmail.com,1,47
1273,William Williams,timothymartinez@simpson.com,2,14
1274,Emily Johnson,ronald80@yahoo.com,2,7
1275,Sarah Sanchez,bowens@brown-lambert.com,1,26
1276,Judith Thomas,lsimon@yahoo.com,1,45
1277,Beth Simmons,gpatel@hotmail.com,1,19
1278,James Frazier,jamesreilly@roberts.com,2,12
1279,Shannon Garrison,tboone@smith.com,3,35
1280,Gerald Moore,williampage@gmail.com,2,48
1281,Autumn Owens,egreene@gmail.com,2,32
1282,Laura Hodge,zjones@reed.com,1,45
1283,Travis Williams,sandersangel@hotmail.com,3,41
1284,Mark Livingston,patricia51@gmail.com,1,32
1285,Robert Robinson,spencer36@yahoo.com,3,22
1286,Diane Peters,millersteven@cox.com,1,41
1287,Erica Wilcox,paul11@andrews.biz,3,44
1288,Gloria Hill,marcus25@gmail.com,3,7
1289,Nancy Coleman,phillipsrichard@yahoo.com,3,44
1290,David Mcbride,tara53@yahoo.com,2,10
1291,Maxwell Brown,smithmichael@wagner-smith.com,3,46
1292,Karen Lopez,omatthews@carter.com,1,16
1293,Margaret Baker,meyerdenise@mathews-vazquez.com,2,50
1294,Kevin Bennett,jacqueline58@hotmail.com,1,10
1295,Mrs. Lindsay Brooks MD,gbyrd@mcguire-griffith.com,2,26
1296,Wendy Williams,lawsonrachel@gmail.com,1,37
1297,Nathan King,kwallace@reyes-mccall.com,3,14
1298,Michelle Pearson,pacedana@hall-white.com,3,47
1299,Jeffrey Murphy,kcalhoun@yahoo.com,1,7
1300,Cole Morgan,haleconnor@gmail.com,2,31
1301,Dalton Mann DDS,xwood@yahoo.com,2,35
1302,Hannah Fox,candace94@reed-andrews.com,2,34
1303,Melanie Hunter,robinsonkatie@gmail.com,1,17
1304,Cynthia Brown,lanestephanie@hotmail.com,3,14
1305,Mia Wilson,jamiesmith@gmail.com,3,19
1306,David Liu,david79@patel.org,1,27
1307,Tiffany Taylor,matthew23@johnson.com,1,28
1308,William Hall,gloria67@yahoo.com,1,13
1309,April Bullock MD,melissa04@hotmail.com,3,25
1310,Kelly Graham,petersonpeter@simmons.net,1,40
1311,Audrey Bowman,ochoamegan@hotmail.com,3,32
1312,Zachary Mitchell,mary40@yahoo.com,3,16
1313,John Bridges Jr.,eparker@fuentes.org,3,28
1314,Nicholas Campbell PhD,griffinmary@murray.com,1,11
1315,Alicia Castro,adampatton@yahoo.com,1,34
1316,Kenneth Williams,msimpson@salazar.info,2,24
1317,Mary Cooper,blanchardleslie@hotmail.com,2,8
1318,Matthew Pope,molinamariah@williams.biz,1,50
1319,Tracey Ellison,jacqueline42@hotmail.com,2,35
1320,Alyssa Harris,kristen32@yahoo.com,3,4
1321,Stuart Jordan,toddkaitlin@hotmail.com,3,14
1322,Jeremy Randall,burnsanthony@yahoo.com,1,15
1323,Jose Coffey,fpeters@kelly.net,2,40
1324,Preston Ball,lisatorres@taylor.com,3,15
1325,Christopher Marquez,christophermorrison@gmail.com,2,31
1326,Mr. Aaron Black,robertguerrero@sullivan.org,3,37
1327,Taylor Patel,grice@crawford.com,1,35
1328,Michael Zamora,gonzalezdiane@gmail.com,2,27
1329,Steven Stewart,wpearson@frazier.com,1,17
1330,Katelyn Sutton,karen79@gmail.com,1,15
1331,David Brown,clee@yahoo.com,3,3
1332,Samantha Berger,jill31@yahoo.com,3,35
1333,Robert Fleming,donovanmark@gmail.com,2,20
1334,Frank Rodriguez,webstermichael@marshall-drake.net,1,38
1335,Heidi Vazquez,blevinsregina@gmail.com,2,29
1336,Melissa Lopez,slong@underwood.org,1,39
1337,Sylvia Herrera,brenda57@gmail.com,3,19
1338,Jaime Wilson,jamesmartin@gmail.com,2,15
1339,Mario Kelly,zachary03@gmail.com,2,5
1340,Holly Gaines,barnesdarius@yahoo.com,3,29
1341,Destiny Ruiz,robinlee@gmail.com,3,41
1342,Kathryn Park,lisagriffith@gmail.com,3,11
1343,Eric Sims,chaveztrevor@lopez.net,3,18
1344,Victoria Simon,danielleesparza@yahoo.com,1,8
1345,Jennifer Vaughn,stevenjackson@marquez.biz,3,13
1346,Gabriel Vang,thomastina@hotmail.com,3,30
1347,Kelly Ward,jasminepearson@yahoo.com,2,29
1348,Ryan Robles,granthernandez@scott.info,1,19
1349,Alan Lindsey,williamslaura@hotmail.com,2,8
1350,Ricardo Marshall PhD,peter46@brown.biz,1,23
1351,Gabriella Allen,ginaanderson@andrews.org,2,15
1352,Samantha Decker,michael63@gmail.com,1,8
1353,Gregory Rivera,brownlogan@johnson.com,1,29
1354,Melissa Johnson,joneskristin@hotmail.com,3,45
1355,Kathleen Lopez,cjohnson@chan.com,1,48
1356,Gary Thompson,pvazquez@gmail.com,1,17
1357,Morgan Jenkins,karinasanford@gmail.com,2,21
1358,Matthew Barnes,mercerjoseph@gonzalez-marshall.com,3,7
1359,Corey Morton,davidoneal@gmail.com,3,16
1360,Debbie Davis,paige71@cooper.net,3,20
1361,Ana Meyer,ubond@gmail.com,2,39
1362,Joseph Oconnell,timothy94@rivera-reeves.com,3,45
1363,Dennis Roberts,dylanmiller@gmail.com,2,38
1364,Michelle Pugh,griffinkelli@simpson.biz,3,33
1365,Mark Lopez,jeremybass@hotmail.com,3,41
1366,Antonio Murphy,clarkchristina@murphy.com,1,18
1367,Kenneth Khan,sherrymoreno@gmail.com,2,3
1368,Jaime Hernandez,iwolfe@robinson.com,2,49
1369,Michael Lamb,sanfordalexis@hotmail.com,1,2
1370,Nicholas Lee,cruzcassandra@gmail.com,1,25
1371,Robin Jones,sherririchardson@gmail.com,2,49
1372,Brooke Harding,pamelamorales@bates.info,2,27
1373,Krystal Curry,vsanders@nelson.com,1,30
1374,Donald Cabrera,smithkeith@hotmail.com,3,37
1375,Dennis Carter,anthonyfreeman@hotmail.com,1,30
1376,Sheila Fields,rebeccawilson@hotmail.com,3,10
1377,Samuel Barrera,bhenry@gutierrez.com,1,11
1378,Veronica Wood,ann23@hernandez.com,3,36
1379,Kenneth Best,karenbolton@gmail.com,2,34
1380,Sean Young,isaacreyes@carroll-greene.biz,2,31
1381,Leslie Holmes,gonzalezdonna@norman-cunningham.com,1,43
1382,Randall Barnett,itorres@davis.com,2,40
1383,Lisa Dawson,michael90@yahoo.com,2,18
1384,Andrew Mann,hodgesjesse@gmail.com,2,46
1385,Walter Ross,mark15@gibson.biz,1,37
1386,Alexis Stein,ecole@gmail.com,1,14
1387,Chad Gamble,lucaslauren@brown.biz,3,2
1388,Richard Ford,caitlinadkins@knapp.info,3,15
1389,Veronica Hinton,stevencastro@hotmail.com,2,46
1390,Brett Soto,stewartwilliam@gmail.com,3,10
1391,Sean Roberts,andrew29@medina.com,2,30
1392,Ronald Randall,lance34@hotmail.com,3,47
1393,Kevin Moran,gbrock@montgomery-walsh.info,3,1
1394,Tabitha Ruiz,joshuadavis@smith.com,2,8
1395,Lisa Jones,mrosales@wright.com,3,33
1396,Alicia Williams,dominiclambert@rogers.com,3,25
1397,Jeanne King,jamie66@yahoo.com,2,12
1398,Adrienne Robbins,gardnertracy@hotmail.com,3,32
1399,Kimberly Mercer,jessica54@lee-lee.org,2,38
1400,Jeffrey Stanley,scotthansen@huber.org,3,21
1401,Tracy Odom,christine40@miranda.com,3,9
1402,Christopher Moon,scottrobyn@farmer.com,2,6
1403,Amy Gonzales,owensashley@doyle-murphy.com,1,33
1404,Laura Hicks,chadhouston@bryan.net,3,23
1405,Thomas Jones,palmerjoann@anderson-gonzalez.com,1,17
1406,Michael Nielsen,wongmichael@smith.com,2,29
1407,Stacy Moreno,tyler44@morris-white.com,1,19
1408,Mr. Tyler Garza,zcook@thompson.com,1,49
1409,Donna Hall,walljohnny@carroll.com,2,11
1410,Michelle Lewis DVM,danielhudson@howard-reed.net,3,30
1411,Timothy Brennan,steven82@gmail.com,2,7
1412,Tammy Smith,powellmarie@walker.com,2,20
1413,Walter Gilbert,nicole00@chavez.com,3,11
1414,Tracey Reed,tnguyen@yahoo.com,1,15
1415,Brandi Hunter,juliegutierrez@hotmail.com,2,18
1416,Susan Flores,james32@gmail.com,3,21
1417,Tamara Mcdowell,jessicaford@yahoo.com,3,37
1418,Kristin Hernandez,colin62@price.com,1,26
1419,Elizabeth Graves,tellis@taylor.com,2,15
1420,Jason Cortez,james47@hunt-murphy.biz,1,19
1421,Jonathan Dixon,annette17@collier.com,1,7
1422,Amy Williams,martin18@yahoo.com,1,30
1423,Antonio Bond,jamesrichard@lopez.com,2,4
1424,Jason Joseph,shannoncharles@hotmail.com,1,22
1425,Michael Andersen,william22@brown-wilson.org,2,25
1426,Ms. Kara Gordon,melissa95@gmail.com,3,39
1427,Curtis Sawyer,michaelmcguire@thornton.biz,1,32
1428,Blake Henry,katherine72@mason.info,2,22
1429,Thomas Chase,gordonderek@gmail.com,2,38
1430,Brooke Terry,christopherfreeman@yahoo.com,3,27
1431,Cindy Campbell,zstanley@figueroa-duarte.com,3,14
1432,Ashley Harris,erin75@anderson-avila.com,2,47
1433,Jerry Fox,zlee@jones-anderson.com,2,13
1434,Patrick Bray,kenneth76@hotmail.com,3,17
1435,William Stevens,mary05@edwards.com,3,32
1436,Angel Silva,fordannette@middleton.org,1,28
1437,Maria Henry,garrett98@herman.com,1,48
1438,Richard Nguyen,karen32@yahoo.com,3,28
1439,Maria Smith,gabriel67@dixon.com,1,28
1440,Philip Jefferson,chapmanhailey@hotmail.com,2,22
1441,Jody Daniels,zhicks@edwards.net,3,44
1442,Patrick Diaz,gonzalezjanice@lin-butler.com,3,24
1443,Michael Day,gobrien@jenkins.org,3,3
1444,Jordan Harris,qbecker@carter-santiago.org,3,25
1445,Jeffery Nunez,alyssa52@hotmail.com,3,38
1446,Tina Perez,george95@hotmail.com,1,23
1447,Tyler Parker,imartinez@jimenez.com,2,6
1448,James Herring,gonzaleskaitlyn@mccall-herman.com,1,50
1449,Mrs. Danielle Williams PhD,garciamelissa@hotmail.com,2,1
1450,Holly Baker,lhanson@yahoo.com,2,25
1451,Joseph Farmer,marydillon@king.net,2,8
1452,Nathan Anderson,linda68@stevens.com,2,42
1453,Sarah Bauer,veronica31@williams.com,3,36
1454,Amber Duran,pbishop@walker-thompson.net,1,31
1455,William Williams,steven51@hotmail.com,1,9
1456,Brittany Wiggins,timothy16@yahoo.com,1,8
1457,Andrea Carter,toddpalmer@gmail.com,1,3
1458,Joe Jones,qfernandez@strong.com,2,38
1459,Kevin Blanchard,jhester@hotmail.com,3,26
1460,Matthew Fox,csmith@gmail.com,3,34
1461,Jack Mcclain,thomasleonard@hotmail.com,2,17
1462,Robin Sandoval,mathew66@gmail.com,3,17
1463,Lauren Evans,cbryan@santos-vasquez.com,3,20
1464,William Campbell,justinolson@gmail.com,3,10
1465,Nicole Duran,joelperez@chase-turner.net,2,19
1466,Eric Walters,cdiaz@ramsey-perez.com,1,33
1467,Matthew Garcia,jrose@brown.com,3,7
1468,Alexander Sweeney,marisa37@hotmail.com,2,20
1469,Lindsey Harris,danielletorres@morgan.info,3,8
1470,Marc Rogers,wdunn@martin.com,1,38
1471,Lisa Gregory,timothy94@hotmail.com,3,35
1472,Veronica Flores,amandanichols@hotmail.com,1,32
1473,Devon Brown,nguyencourtney@gmail.com,1,24
1474,Jamie Richards,leecraig@gmail.com,3,30
1475,Marcus Figueroa,vgonzalez@lopez.com,1,34
1476,William Lee,annasmith@hotmail.com,3,41
1477,Natalie Gill,matthewsmichael@pena.info,3,14
1478,Gregory Bishop,ugreen@hoffman.com,2,18
1479,Daniel Johnson,johnsoncharles@miller.com,2,39
1480,Jonathan Taylor,cameron28@gmail.com,3,41
1481,Renee Clark,fmurphy@hotmail.com,2,31
1482,Joel Bishop,tyler52@ellison.net,1,13
1483,Laurie Humphrey,carol26@gmail.com,1,13
1484,John White,juliesmith@yahoo.com,3,39
1485,Taylor Green,bwise@hotmail.com,3,3
1486,Alexander Williams,tnovak@yahoo.com,1,39
1487,Patrick Wells,edwindelacruz@yahoo.com,1,21
1488,Robert Smith,summersjocelyn@james-peters.com,1,29
1489,Sara Ramirez DVM,stephanie68@diaz.com,3,18
1490,David Duncan,dylanmartin@jackson.com,3,21
1491,Tanya Watson,vanessa13@russell-kane.com,1,28
1492,Nancy Walker,uaguilar@anderson.com,2,23
1493,Ruth Farrell,laurensmith@hotmail.com,2,29
1494,Allison Cochran,scarpenter@dean.org,1,26
1495,Laura Houston,elizabeth05@hotmail.com,3,7
1496,Jason Smith,susansmith@perez.org,2,23
1497,Sharon Walker,ipham@wilkins-riggs.com,3,27
1498,Mary Williams,lrusso@gibson.net,3,10
1499,Jared Flores,nsingleton@mcdonald.com,3,26
1500,Brian Haas,frenchjeremy@nguyen-reeves.net,3,1
1501,Shane Williams,diane01@scott.info,2,50
1502,Donna Espinoza,laura17@hotmail.com,1,28
1503,Rachel Braun,wallaceryan@graham.com,2,16
1504,Michael Wilson,kayla76@sexton.org,3,14
1505,Christopher Dorsey,graymatthew@frazier-brown.com,3,25
1506,Sarah Williams,gregorybrown@yahoo.com,2,41
1507,Monica Rodriguez,lstevenson@hotmail.com,1,38
1508,Jeffrey Lewis,xbender@gmail.com,1,12
1509,Jennifer Patrick,amberguzman@gmail.com,3,36
1510,Jimmy Mitchell,jasonsmith@green.com,3,8
1511,John Goodwin,michaelfoster@gmail.com,1,42
1512,Julia Peterson,anthony58@hotmail.com,2,19
1513,Bobby Rodriguez,briantodd@yahoo.com,1,25
1514,Clinton Andersen,michaelbell@gmail.com,2,12
1515,Kyle Norris,ylutz@hotmail.com,1,20
1516,Olivia King,xromero@hotmail.com,3,30
1517,Monica Meadows,calebmonroe@collins.com,3,46
1518,Juan Perez,martinezyolanda@lopez-woodard.biz,2,4
1519,Aaron White,masonjeremy@yahoo.com,3,38
1520,Sara Turner,mossdiane@lee-diaz.com,3,15
1521,Mrs. Stephanie Fleming,lindahenry@yahoo.com,2,15
1522,Mr. Derrick Sanders,averykenneth@may.com,3,13
1523,Lori Smith,robertsonbrandi@williams-acosta.com,2,3
1524,Jeffrey Rodriguez,jose97@mitchell.com,1,18
1525,Julia Sanders,melissajackson@mcpherson-edwards.com,3,43
1526,Taylor Parrish,sheila80@yahoo.com,1,48
1527,Jeremy Patterson,kbarker@ballard-shea.biz,1,43
1528,Vanessa Waller,wesleymorgan@stanley.com,3,37
1529,Brendan Murray,laurahernandez@johnson.org,3,27
1530,Mary Miller,robert92@howe-dunn.com,2,5
1531,Emily Patrick,tranmatthew@yahoo.com,2,45
1532,Joshua Mckinney,marksmith@yahoo.com,1,15
1533,Paul Wiggins,qkirk@hotmail.com,3,30
1534,Andrew Curry,qstrong@richard.biz,2,17
1535,Brianna Alexander,gomezjason@gmail.com,2,36
1536,Dr. Peter King DVM,dwalker@lawson.com,1,11
1537,Ronald Case,parkerferguson@yahoo.com,2,3
1538,Timothy Branch,anthony86@hill.com,1,23
1539,Adam Butler,hbrooks@dean.com,1,14
1540,Kimberly Williams,abbottdawn@stanton.com,1,38
1541,Robert Johnson,courtneyparker@gmail.com,1,17
1542,John Brown,irivera@hotmail.com,2,2
1543,Martha Hayes,michael11@gmail.com,1,16
1544,Julie Peck,transarah@hicks.com,3,50
1545,Brandon Cooper,sullivanedwin@yahoo.com,1,8
1546,Nicholas Jones,jamesphelps@yahoo.com,2,28
1547,David Bell,santanazachary@gmail.com,2,32
1548,Elizabeth Haley,uperez@walters.biz,2,4
1549,Leslie Coleman,lberg@ramirez.com,3,18
1550,Denise Allen,fallen@callahan.com,2,42
1551,Rita Montgomery,janderson@gmail.com,2,21
1552,Heidi Mills,tracy47@gmail.com,3,13
1553,Kristy Jones,kevin35@jones.biz,3,38
1554,Lisa Wu,cannonjonathan@smith-hawkins.com,3,33
1555,Marisa Levine,jonathan19@sandoval-sanchez.biz,3,41
1556,David Hernandez,garciajustin@hotmail.com,3,15
1557,Noah Smith,matakatrina@park.com,1,16
1558,Lisa Hancock,kgiles@yahoo.com,3,31
1559,Samuel Barry,karen74@gentry-ward.org,1,43
1560,Heather Robbins,claytonvictoria@gmail.com,1,25
1561,Nicholas Neal,bhuff@hotmail.com,1,17
1562,Alexander Young,trujilloryan@campbell-shields.info,3,9
1563,Jonathan Mason,mcbridejames@wilson.com,2,42
1564,Mark Roberts,emily62@cole.com,2,47
1565,Monique Olson,lbauer@yahoo.com,2,50
1566,Danielle Rodgers,stevenle@brown.org,3,6
1567,Jennifer Thomas,nwyatt@gmail.com,2,3
1568,Patrick Oneal,meganhart@anderson.com,3,1
1569,Joshua Perkins,garciamichael@hotmail.com,1,27
1570,Ashley Cherry,ashleylam@yahoo.com,3,39
1571,Emily Lynch,carol68@lewis-patel.com,2,47
1572,Dustin Barron,juliefisher@yahoo.com,3,24
1573,Michael Moore MD,michaelsmall@johnson.org,3,3
1574,Savannah Nelson,louis47@reynolds.com,1,32
1575,Robert Chang,jjones@gmail.com,3,34
1576,Lynn Montoya,kjohnson@lee.com,3,29
1577,Gregory Ryan,lisa71@yahoo.com,2,42
1578,Ryan Mendez,keith03@hotmail.com,2,38
1579,Charles Green,deborahhill@hotmail.com,2,16
1580,William Campbell,jperry@zamora.org,1,49
1581,Shari Burke,robertsonsteven@hotmail.com,1,23
1582,Angel Reyes,cannontamara@yahoo.com,3,4
1583,Pamela Hubbard,rachel97@yahoo.com,2,22
1584,Sarah Dawson,ybarnes@hotmail.com,3,27
1585,Marcus Jordan,ygarcia@fleming-holt.com,1,18
1586,Brian Lopez,pevans@vincent.org,1,3
1587,Carla Johns,dianaoneal@garza.com,1,40
1588,Mark Le,gabriel97@thompson-woods.com,1,15
1589,Michael Shaffer,sonyajohnson@yahoo.com,1,45
1590,Cole Adams,campbellanne@case.biz,3,47
1591,Kelly Garcia,wendy37@yahoo.com,1,22
1592,Ricky Howard,areid@lindsey-woods.info,1,7
1593,Dana Kramer,lclark@yahoo.com,1,13
1594,Carrie Arroyo,thomasdavis@lindsey.net,3,49
1595,Brent Sanchez,andersonbrandon@hotmail.com,1,29
1596,Adam Watkins,grimeswilliam@wells.com,3,37
1597,Miranda Thompson,olane@gmail.com,2,6
1598,Nicholas Powell,abbottlinda@hotmail.com,1,14
1599,Benjamin Ritter,elizabeth55@delgado.org,1,7
1600,Pamela Graves,camposdavid@merritt.net,2,24
1601,Rhonda Clark,hansonbrian@yahoo.com,1,29
1602,Diana Chavez,ebuckley@vargas.com,3,30
1603,Christopher Smith,tina39@yahoo.com,1,47
1604,Stephanie Herrera,ijohnson@evans-lowe.com,3,17
1605,Linda Murray,qdavis@peterson-douglas.com,3,17
1606,Austin Kemp,ehansen@anderson-wilson.com,1,22
1607,Dylan Davis,julia17@williams-brown.com,2,23
1608,Mrs. Rachel Ellis DVM,rachel12@yahoo.com,2,20
1609,Ricardo Campbell,sarah27@hammond.com,3,25
1610,Gabriela Gonzales,rogermcclure@gmail.com,1,44
1611,Daniel Walton,henrywells@dixon-knapp.biz,3,19
1612,Dr. Denise Mcmillan MD,morgan95@yahoo.com,2,24
1613,Danielle Lynch,brianbaker@gmail.com,2,31
1614,Danielle Richardson,eddie14@thomas-williams.com,2,33
1615,Karen Cruz,kristinafowler@love.org,3,21
1616,Gregory Rhodes,braymichael@nelson-taylor.com,3,31
1617,Stephen Castillo,melissa14@hotmail.com,2,7
1618,Joseph Kramer,monica36@hansen-long.com,1,47
1619,Ashley Arellano,gutierrezjonathan@yahoo.com,2,31
1620,Courtney Winters,jenkinslauren@gmail.com,3,4
1621,John Jones,morrislindsay@yahoo.com,2,14
1622,Carmen Bradshaw,emma48@mcneil.info,1,23
1623,Daniel Guerrero,ppeck@hotmail.com,3,35
1624,Christian Garza,elizabethchristian@nash.com,2,20
1625,Jack Graham,mike26@richardson.info,1,23
1626,Janice Johnson,youngsusan@yahoo.com,2,12
1627,Erica Williams,ihall@jacobs.info,3,26
1628,Ashley Reed,herreratina@hotmail.com,2,3
1629,Teresa Blevins,leebrenda@barker.info,3,39
1630,Anita Huynh,kevinjimenez@cole-lewis.com,2,24
1631,Christopher Mejia,julie17@brown.com,1,38
1632,Karen Ho,staciejenkins@yahoo.com,2,14
1633,Dustin Mitchell,sfischer@gordon.com,2,36
1634,David Collins,steve95@powell.org,1,43
1635,Stephen Simpson,zdiaz@fernandez.biz,1,25
1636,Anthony Gonzalez,griffithnicole@nguyen-thompson.info,1,34
1637,Robert Smith,burnscynthia@hotmail.com,1,16
1638,Robert Cruz,patrick02@gmail.com,2,7
1639,Shelly Norris,greensean@duncan-conner.org,2,47
1640,Frances Chung,denisehill@pollard-melendez.com,1,22
1641,Michael Phillips,ahorton@sherman-woods.com,2,41
1642,Teresa Lopez,smithbrandon@yahoo.com,1,26
1643,Andrea Rodriguez,alvarezteresa@donaldson.info,1,41
1644,Kyle Mason,sbennett@hotmail.com,2,41
1645,Janet Duncan,dmason@gmail.com,3,9
1646,Kurt Johnson,bradleygriffin@landry.biz,3,40
1647,David Wright,greg20@graham.com,3,20
1648,Leah Howard,lisa13@hotmail.com,1,42
1649,Loretta Burgess,woodstiffany@martinez-morales.com,3,3
1650,Danny Klein,harrisonruth@hotmail.com,3,6
1651,Wendy Webster,bradrobinson@soto.net,3,41
1652,Sean Byrd,emilywilliams@mosley.com,1,3
1653,Ebony Griffith,zanthony@tran.biz,3,3
1654,Aaron Romero,rwhite@bowen.com,2,4
1655,Kimberly Knox,millermelvin@gmail.com,1,39
1656,Jeffrey Scott,yroberts@dickerson.com,2,49
1657,Bruce Evans,rita17@hotmail.com,1,15
1658,Peggy Black,raymondwright@coleman-mccarty.com,2,11
1659,James Martin,davidstewart@martinez.com,2,48
1660,Jennifer Brown,matthewlewis@hotmail.com,2,38
1661,Ronald Hanson,lboyd@washington.com,2,21
1662,Ruben Hoover,moniquetorres@eaton.com,2,2
1663,Kimberly Myers,iduncan@ellis.com,1,32
1664,Jose Kelly,marie86@lopez-ross.com,2,50
1665,Joshua Villanueva,fernandezsamuel@hotmail.com,2,35
1666,Bryan Krause,ugross@yahoo.com,2,25
1667,Samuel Strickland,chadtanner@flores.com,3,31
1668,Amy Jordan,donald67@gmail.com,1,8
1669,Nicholas Blair,lisa89@yahoo.com,1,39
1670,Walter Strickland,millsjacqueline@gmail.com,3,45
1671,John Montgomery,todd99@marks.com,3,8
1672,Julie Bennett,salinassamuel@white-taylor.com,3,21
1673,Amy Hardy,nrodriguez@hotmail.com,1,22
1674,Margaret Harris,debramendez@phillips.org,1,23
1675,Carl Steele,hortonshane@gmail.com,3,8
1676,Emily Murray,harristiffany@gmail.com,1,15
1677,Ashley Miller,brandonfrederick@lawson.com,1,13
1678,Alexis Kerr,heidipoole@perkins.com,3,3
1679,Destiny Wallace,fitzgeraldmiranda@anderson-lozano.com,1,1
1680,Roger Ray,nicholasmurphy@torres.com,2,37
1681,Dana Reed,tbrock@mclean.com,1,18
1682,Kara Smith,festrada@hotmail.com,1,4
1683,Kenneth Peterson,christinehodges@hotmail.com,2,12
1684,Laura Garcia,bpowers@yahoo.com,1,8
1685,Erik Schultz,marcushudson@hotmail.com,1,12
1686,Melissa Shelton,romerobrad@jacobs.com,2,42
1687,Melissa Brewer,brittany46@gmail.com,2,38
1688,Bridget Cameron,meredith03@andrews.com,1,6
1689,Chelsey Alvarez,marilynhunter@jackson-reed.com,2,31
1690,Sharon Garcia,johnsonscott@gmail.com,2,20
1691,Kristen Keith,reneemiller@gmail.com,3,47
1692,Cory Lyons,markevans@gordon-wright.net,3,37
1693,Robert Benton,psanchez@robinson-goodwin.com,3,35
1694,Lisa Jones,gregoryerickson@may.com,3,29
1695,Paul Valencia,parroyo@wade.com,2,32
1696,Wanda Wiley,emily91@peterson.org,1,6
1697,Nicholas Miller,craigcody@mendez.com,3,25
1698,Justin Hunt,dannymorales@gmail.com,1,10
1699,Stephanie Miller,danielle07@peck.info,2,40
1700,Tyler Aguilar,blackstephanie@kirby-nelson.com,2,5
1701,Michael Taylor,geraldchen@yahoo.com,2,11
1702,Catherine Campbell,ericawhite@hotmail.com,3,29
1703,Matthew Woods,angelaberg@gmail.com,1,46
1704,Patricia Brady,rpatel@taylor.org,2,1
1705,Charles Williams,joelwilliams@yahoo.com,2,36
1706,Shannon Evans,bradleyallen@gmail.com,2,32
1707,Cory Ward,harmonleslie@hotmail.com,2,46
1708,Elijah Taylor,collinsgordon@hotmail.com,2,22
1709,Brittany Williams,boyermichael@yahoo.com,2,23
1710,Vincent Rogers,hessrandy@gmail.com,3,27
1711,Damon Juarez,jacquelinebennett@anderson.info,1,17
1712,Michael Woods,aknox@villanueva-ramos.com,1,24
1713,Andrew Fisher,itapia@shaffer.net,3,36
1714,Nicholas Freeman,jenniferbaker@hotmail.com,2,34
1715,Wendy Martinez,ashley72@gmail.com,2,11
1716,Rodney Nolan,roger26@hotmail.com,3,32
1717,Ronald French,smithhoward@perez.com,3,44
1718,Jordan Parrish,ajones@yahoo.com,2,14
1719,Mark Roberts,adam58@yahoo.com,3,39
1720,Brenda George,ronaldlopez@hotmail.com,2,5
1721,Erin Lewis,hmoreno@hotmail.com,1,41
1722,Holly Weeks,jasonfrost@flores.com,1,25
1723,Michele Reeves,patrick18@green.com,1,49
1724,Jessica Lowery,susan46@yahoo.com,2,34
1725,John Grant,sarahwest@gmail.com,2,7
1726,Carlos Fernandez,nicholas18@yahoo.com,2,44
1727,Amber Arnold,garciajennifer@hotmail.com,3,15
1728,Julie Hunter,frankwilliams@yahoo.com,1,48
1729,Stephen Price,whitejacob@yahoo.com,3,46
1730,John Mercer,mclark@gmail.com,1,36
1731,Olivia Mcbride,williamsjames@gmail.com,1,26
1732,Laura Brown,grayallen@hotmail.com,1,16
1733,Joshua Price,carrtroy@martin.org,1,8
1734,Steven Werner,woodardglenda@gmail.com,2,10
1735,Gary Ball,angela92@hotmail.com,3,41
1736,Amy Simpson,kimwayne@joyce.biz,3,20
1737,Tamara Navarro,rossjessica@allison.biz,2,18
1738,Yolanda Flores,felicia84@mann.biz,2,32
1739,Taylor Kim,uwells@hotmail.com,1,22
1740,William Hendrix,evansjohn@morales.com,3,1
1741,Michael Carpenter,williamsjessica@rogers.biz,1,38
1742,Jennifer Johnson,joybernard@gmail.com,1,20
1743,Rebecca Williams,jesusschaefer@gmail.com,2,14
1744,Kevin Todd,dylan99@hotmail.com,1,10
1745,Robert Johnson,xcrane@clark.org,2,28
1746,Jason Ayala,kyleleblanc@chapman.biz,2,2
1747,John Nichols Jr.,gcisneros@gregory.com,1,8
1748,Christopher Duffy,wgreene@reid.org,1,34
1749,Matthew Ferguson,crystalyoung@sanchez.com,1,28
1750,Phillip Perez,jhuffman@gmail.com,3,17
1751,Michael Hickman,kellyharris@richardson.com,3,24
1752,Betty Finley,kristina14@fleming-liu.biz,2,6
1753,Amanda Morales,wanggary@wilson.biz,3,37
1754,Penny Soto,jonestravis@yahoo.com,3,35
1755,Jeffrey Green,perezcynthia@gmail.com,3,3
1756,Susan Bush,chase20@hotmail.com,1,42
1757,Dawn Carter,colemanalexandra@yahoo.com,1,23
1758,Christine Thomas,elizabethparker@gmail.com,1,22
1759,Sandra Duke,ydavis@mcdonald.biz,2,44
1760,Tyler Boone,bmcdonald@flores-hamilton.com,1,22
1761,Christopher Krause,cookeethan@yahoo.com,2,26
1762,Sara Jimenez,yatesjoshua@campbell.com,2,32
1763,Andrew Buck,robinsonjoshua@hensley-lewis.com,3,17
1764,Jose Evans,pughandrew@gmail.com,1,47
1765,Daniel Butler,nicholas11@taylor.com,1,49
1766,Sarah White,allenlisa@gmail.com,1,13
1767,Arthur Wang,aguilarandrea@yahoo.com,3,25
1768,Christopher Jackson,fbaker@hotmail.com,3,13
1769,Wendy Padilla,garciaalbert@shepherd.com,3,1
1770,James Heath,richard36@hotmail.com,3,11
1771,John Hansen,tjimenez@yahoo.com,3,17
1772,Charles Miller,margaret08@hotmail.com,3,17
1773,Connie Avery,karen20@meyer.com,2,2
1774,Dustin Young,lucas69@blake-graham.com,2,17
1775,Monica Leon,alexandraallison@yahoo.com,3,47
1776,Michael Martin,bjones@yahoo.com,1,46
1777,Erica Espinoza,brianfuller@higgins-greene.com,2,30
1778,Eric Lee DDS,oharper@gmail.com,2,46
1779,Paula Stevens,oliverrobin@shields.net,3,11
1780,Ryan Greene,wanda54@yahoo.com,2,25
1781,Maria Henry,emily17@yahoo.com,1,48
1782,Ricky Henderson,brian85@hotmail.com,2,40
1783,Timothy Myers,bridget69@brown-lewis.com,3,11
1784,Evan Clay,matthew52@king.com,2,43
1785,Sarah Miller,dwilkinson@mendez-pierce.info,3,31
1786,Daniel Weaver,heidi03@barrett.biz,1,35
1787,Kim Whitaker,srojas@brock.com,1,44
1788,David Smith,stevengreer@yahoo.com,1,10
1789,Donna Russell,ahansen@martinez.com,2,11
1790,Linda Sheppard,christinajennings@gmail.com,3,15
1791,Hector Cox,paula06@howell-patterson.com,2,43
1792,Jerome Russell,jodi23@matthews.com,2,30
1793,Jonathan Mann,reyesmonique@solis-walsh.info,3,1
1794,Dwayne Potts,mchristensen@hotmail.com,3,6
1795,Anthony Allen,blairjason@gmail.com,2,45
1796,Brittany Bell,cruztoni@harrison.com,3,12
1797,Kelly Turner,jacquelineedwards@miller.com,3,24
1798,Elaine Ramos,grantemily@gmail.com,3,3
1799,Malik Miller,veronicachambers@yahoo.com,1,13
1800,Cynthia Compton,qbaker@gmail.com,1,50
1801,Alexandra Nash DVM,bblake@gmail.com,2,45
1802,Sharon Phillips,xwilson@yahoo.com,1,44
1803,Ian Scott,julia07@ellis.com,3,38
1804,Richard Warren,catherinehogan@lee.com,1,30
1805,Kelly Mclaughlin,bonillakenneth@sanders-jackson.info,3,33
1806,Nancy Lee,gmartinez@yahoo.com,1,4
1807,Nathan Hunter,gentrycynthia@hotmail.com,1,16
1808,Mason Brown,kennethanderson@cherry.com,1,15
1809,Ryan Barnes,craig30@snow.biz,1,1
1810,Adrian Mason,henrylori@hotmail.com,2,9
1811,Lisa Hicks,joseph60@brandt.com,1,3
1812,Jesse Robinson,kimberly23@yahoo.com,1,19
1813,Jaime Jackson,rodriguezlisa@hotmail.com,2,9
1814,Shannon Ross,ebarron@yahoo.com,3,43
1815,Joseph Wolfe,riveraanthony@washington.com,3,10
1816,Robert Jones,mbolton@gmail.com,2,8
1817,Donald Patton,jensenjeremy@gmail.com,3,18
1818,Gregory King,reneelarson@bell.com,1,37
1819,Melissa Wade,shannon21@yahoo.com,3,19
1820,John Malone,jason20@holmes.com,1,10
1821,Christopher Murray,hodgeszachary@ayers.com,3,36
1822,Robert Tucker,ubrown@hotmail.com,1,38
1823,Holly Porter,jessica27@gmail.com,2,33
1824,Kristina Schmidt,yturner@green.com,1,22
1825,Darlene Burton,xroberts@gmail.com,3,35
1826,Katherine Lee,richard45@gmail.com,2,17
1827,Sabrina Hughes,lopeztracey@hall.net,1,11
1828,David Hoffman,austin51@yahoo.com,2,31
1829,Angela Patel,rebeccadecker@alvarez.com,1,44
1830,Andrew Wagner,daniel51@osborne.info,3,10
1831,Diane Bernard,jacksonrobert@sanchez-ingram.biz,3,35
1832,Timothy Davis,xthompson@stephens.com,2,8
1833,David Burns,bonillathomas@ryan-simon.com,2,31
1834,Jessica Andrews,zmack@gmail.com,2,50
1835,Katie Smith,tannerbell@melendez.com,3,31
1836,Henry Hernandez,ashleypadilla@yahoo.com,1,19
1837,Penny Miller,varnold@sharp.com,2,42
1838,Ashley Marsh,jeanetteenglish@yahoo.com,3,38
1839,Stacey Stokes,jeffreygreen@ortega.com,3,47
1840,Daniel Butler,luke30@riley-gray.org,3,28
1841,Katherine Brown,christina91@miles.com,1,50
1842,Shelia Sandoval,castillofelicia@landry-reed.com,1,31
1843,Alexander Lee,fwong@fletcher.com,2,27
1844,Christina Mendoza,aarcher@gmail.com,3,15
1845,Deanna Moon,lechristopher@gmail.com,1,6
1846,Tracy Patterson,zlawrence@sandoval.com,1,20
1847,Gary Gonzalez,robert85@yahoo.com,1,39
1848,Anna Tate,oharrell@norris.com,2,42
1849,Jennifer Chambers,shelleywu@murray.com,3,32
1850,Eric Duran,ryan65@stevens.com,1,16
1851,Lisa Sanders,omcconnell@hotmail.com,1,13
1852,Marcus Wright,carlstrong@gmail.com,2,45
1853,Jorge Lewis,ejordan@gmail.com,2,44
1854,Nicholas Barr,lanecharles@gmail.com,1,25
1855,David Goodman,qlopez@gmail.com,3,34
1856,Mr. Zachary Peters,rchandler@yahoo.com,2,15
1857,Brianna Ray,richardsonkathryn@hotmail.com,2,41
1858,Edward Anderson,carpentersteven@gonzalez-thomas.net,3,21
1859,Theodore Sanchez,gnewton@yahoo.com,3,32
1860,Matthew Cole,jkelley@garcia.com,2,17
1861,Brent Castro,vparrish@hughes-sanchez.com,1,31
1862,Kyle Harvey,zmiller@yahoo.com,2,14
1863,Cory Roman,davistyler@suarez.com,2,19
1864,Maria Riddle,kevin58@pena.com,2,42
1865,Michelle Cordova,pturner@gmail.com,3,5
1866,Cassandra Reese,raycox@yahoo.com,1,7
1867,Christine Carr,barbaramoore@murphy-coleman.com,1,30
1868,Bailey Carter,qclayton@hanson-brown.info,1,36
1869,Lisa Wise,melissadavis@yahoo.com,1,1
1870,Christopher Morrison,hornkeith@hotmail.com,3,1
1871,Donna Moore,carlasmith@hotmail.com,2,33
1872,Anna Farmer,jguzman@gmail.com,2,22
1873,Melissa Estes,ckennedy@ellis-tate.com,3,29
1874,Joshua Cantu,fischerpatricia@hotmail.com,2,12
1875,Danielle Hamilton,carpenterashley@hotmail.com,3,16
1876,Kevin Delacruz,monica06@bowman-thornton.info,1,29
1877,Natasha Vega,thaley@yahoo.com,3,36
1878,Carlos Mckenzie,mario04@little-ford.org,1,18
1879,David Johnson,toni98@gmail.com,1,35
1880,Andrea Mills,ghawkins@hotmail.com,3,50
1881,Brian Norton,buchananbrett@adams-berry.com,1,46
1882,Barbara Hubbard,shawn67@carroll.com,2,11
1883,Joshua Ray,sbutler@yahoo.com,2,33
1884,Jason Morales,liuvictor@hotmail.com,1,11
1885,Donald Randolph,erodriguez@gmail.com,3,15
1886,Jay Ayers,dwayne81@gmail.com,1,6
1887,Katherine Day,ortizjane@gmail.com,3,9
1888,Jose Mitchell,millerjennifer@hughes-casey.com,2,14
1889,Erin Williams,nmorris@gmail.com,1,47
1890,Stephanie Barton,poncecaleb@hotmail.com,2,27
1891,Patricia Davis,jessicagardner@yahoo.com,1,32
1892,Hannah Williams,donnabarton@gmail.com,3,34
1893,Robert Ramirez,william66@peterson.net,3,43
1894,Carrie Carter,woodsleah@hawkins-brennan.com,1,25
1895,Kathleen Jones,kedwards@hopkins-jacobson.com,2,7
1896,Troy Bradshaw,velazquezkaren@mcguire.com,2,15
1897,David Cruz,gwalker@gmail.com,3,48
1898,Terri Galloway,wlamb@gmail.com,3,30
1899,Colleen Short,ufox@yahoo.com,1,40
1900,Carlos Warren,samantha94@gmail.com,1,27
1901,Joseph French,carlossantana@smith-jensen.com,1,2
1902,Nicole Woodward,rileyjason@gmail.com,2,18
1903,Lindsey Vega,jonathan49@gmail.com,2,7
1904,Kathleen Williams,alechunt@thomas.com,2,20
1905,Benjamin Garza,brandonfreeman@yahoo.com,3,2
1906,Donna Thomas,eugenecannon@smith-smith.com,3,6
1907,Gabriel Torres,delacruzjoseph@chambers.com,3,3
1908,Jennifer Bruce,hclark@mejia.com,2,32
1909,Timothy Morris,smoore@campbell-lewis.net,3,22
1910,Brenda White,diazrobert@morton.biz,3,49
1911,Larry King,smithpamela@mendez.com,2,49
1912,Mary Reeves,csimmons@diaz-jones.com,2,33
1913,Stacey Gray,franklin62@hotmail.com,1,32
1914,Tammy Thomas,michelletodd@hotmail.com,2,39
1915,Nancy Mccann,cassandra29@gilbert-stephens.net,2,15
1916,Erin Carrillo,toddmonique@gmail.com,3,2
1917,Amber Murray,hobbslisa@bentley.com,1,35
1918,Jackson Drake,moodybobby@herrera-bryant.com,1,23
1919,Carol Jackson,bradleyjose@hotmail.com,2,50
1920,Jonathan Donovan,lcamacho@wilson.com,3,41
1921,Elizabeth Nelson,andrewstiffany@carter-white.net,3,12
1922,Douglas Murphy,stewartmelissa@griffith-thornton.com,1,40
1923,Blake Morris,annettelin@yahoo.com,2,1
1924,Shannon Blackwell DDS,underwoodmonica@curry-fox.com,3,45
1925,Heather Moore,floreswhitney@johnson.net,2,10
1926,Victor Reynolds,zsmith@green.info,1,18
1927,Veronica Guerra,eugene44@sanchez.com,2,36
1928,Allen Mendoza,wilsonteresa@avila.com,3,1
1929,Peggy Herrera,kbennett@gmail.com,1,26
1930,Teresa Vazquez,simspatrick@gmail.com,1,14
1931,Shirley Evans,christopher23@smith-kim.com,1,2
1932,Stacy Donaldson,eclark@hotmail.com,1,18
1933,Melissa Ochoa,jonathonsmith@yahoo.com,1,10
1934,Jermaine Cohen,butlerdavid@brown-johnson.com,2,11
1935,Randy Jones,ksolis@gmail.com,2,16
1936,Kimberly King,chloebolton@hotmail.com,3,22
1937,Lawrence Phillips,garciaangela@gmail.com,1,37
1938,Ashley Torres,ojarvis@yahoo.com,2,1
1939,Jessica Mcdowell,istephenson@hill.com,2,16
1940,Lindsey Riley,kweber@hotmail.com,1,27
1941,Suzanne Ray,mclaughlintony@gmail.com,1,8
1942,Mr. David Alvarez,christopher58@hayes-phelps.com,3,11
1943,Patricia Henderson,grahammark@yahoo.com,3,41
1944,Robert Martinez,sarasnow@yahoo.com,1,46
1945,Dean Sampson,benjaminbowman@matthews-stephens.net,1,26
1946,Rachel Clark,danielbennett@jackson.com,2,39
1947,Luke Stevenson,wardbrian@yahoo.com,3,29
1948,Stephanie Wolf,adamtodd@higgins.com,3,18
1949,Ashley Ross,xforbes@hotmail.com,1,30
1950,David Wilkinson,marcwilliamson@stewart-lucas.com,1,16
1951,Edwin Williams,ybraun@hunt.net,2,22
1952,Haley Miller,beckyandrews@yahoo.com,2,13
1953,Brandon Brown,smithjames@hotmail.com,3,48
1954,Thomas Bernard,james22@hotmail.com,2,49
1955,Valerie Walker MD,collinspamela@hotmail.com,1,22
1956,Roger Taylor,andrew49@riley.biz,2,36
1957,Jason Brown,ulewis@yahoo.com,3,10
1958,Amanda Edwards,kprice@becker.com,2,17
1959,Joann Jones,mitchell24@alexander.org,1,47
1960,Samantha Hatfield,zwright@yahoo.com,3,38
1961,Scott Poole,clarkmichelle@smith.com,2,36
1962,Jamie Wilson,rebecca63@yahoo.com,1,40
1963,Kenneth Jones,garzajanet@yahoo.com,3,40
1964,Kimberly Kidd,robert33@gmail.com,3,9
1965,Kristi Berger,bennettsharon@yahoo.com,3,6
1966,Carol Chase,meganmiller@hernandez.net,1,10
1967,Jacqueline Smith,amanda33@williams-compton.info,1,15
1968,Brad Miles,jacob94@yahoo.com,2,5
1969,Jill Haynes,malonegregory@gmail.com,3,8
1970,David Ryan,brandi39@hotmail.com,3,19
1971,Jacob Ramirez PhD,tjohnson@hayes.com,1,31
1972,Christy Bentley,webbnatalie@daniels-peterson.net,1,40
1973,Erin Peters,carrkimberly@lewis-chambers.net,2,43
1974,Ms. Kelsey Waller,bryan29@clayton.net,1,7
1975,Kyle Lambert,jenniferbridges@yahoo.com,1,47
1976,Kenneth Franklin,gilmorelogan@yahoo.com,1,27
1977,Glenn Ruiz,gwalsh@yahoo.com,1,9
1978,Blake Gonzalez,hernandezdanielle@yahoo.com,3,40
1979,Valerie Phillips,espinozarobert@combs.com,1,6
1980,Lauren Marsh,cwood@gmail.com,3,6
1981,Felicia Wright,diane43@mendoza.org,3,38
1982,Rebecca Kim,fellis@gmail.com,1,1
1983,Alicia Johnson,edwardharris@gmail.com,3,8
1984,Thomas Smith,kdennis@myers.com,1,13
1985,Ryan Ross,michael17@yahoo.com,1,3
1986,Daniel Stark MD,qdecker@gmail.com,1,50
1987,Erica Morris,hansendeborah@romero.com,2,16
1988,Melissa Baker,michaelreese@fleming.biz,2,37
1989,Cindy Miller,thorntonashley@martin.com,3,13
1990,Jason Reid,thomas32@hotmail.com,3,3
1991,Whitney Pennington MD,gchase@yahoo.com,1,27
1992,Rickey Rodriguez,sfields@williams.com,3,21
1993,Christopher Johnson,jessica00@yahoo.com,1,46
1994,Michael Johnson,victoria47@hawkins-ellis.com,2,40
1995,Jeremy Oconnor,walterscaroline@hotmail.com,3,21
1996,Derek Allen,eric00@hotmail.com,3,43
1997,Mrs. Sherri Rosario,gibsonsherry@gmail.com,3,3
1998,Michael Mcdaniel,mejiachristopher@stewart.com,1,19
1999,Darren Shelton,poncemary@blake-olson.info,3,22
2000,Bradley Kim,cannontammy@chandler-oliver.com,3,30
2001,Veronica Martinez,patricia26@yahoo.com,3,29
2002,Glenn Harrell,christopher87@mccoy.info,3,43
2003,Carlos Harris,carterkarina@bass.org,1,16
2004,Michael Benjamin,robert11@yahoo.com,2,4
2005,Juan Harrington,tiffanylawrence@gmail.com,3,13
2006,Brandi Carter,virginia12@collins.biz,3,4
2007,Andrea Campbell,melissahammond@yahoo.com,1,46
2008,Vincent Olson,pcasey@yahoo.com,2,22
2009,Kristy Alvarado,barbara35@yahoo.com,2,18
2010,Andrew Ray,ysummers@lawson.com,2,2
2011,Brittany Wagner,xalvarez@yahoo.com,1,45
2012,Richard Ward,jason35@hotmail.com,3,35
2013,Joshua Carr,thomaswells@mullins-allen.com,1,45
2014,Breanna Black,munozmaria@mckee.com,2,17
2015,Lauren Harrison,kevin91@alexander.com,3,23
2016,Mark Mathews,stephaniepark@hotmail.com,1,12
2017,Stephanie Adams,martinezsharon@jimenez.com,1,3
2018,Todd Vasquez,alicia46@yahoo.com,2,23
2019,Amanda Hickman,hawkinsmaria@gmail.com,1,11
2020,Laura Fuentes,samanthabrown@dunn-alexander.biz,1,25
2021,Paul Duran,marymartin@yahoo.com,3,40
2022,Christopher Smith DVM,robleserica@hotmail.com,1,6
2023,Anne Hill,ejohnson@gmail.com,3,13
2024,Andrew Finley,samanthasmith@martinez.org,2,42
2025,Tami Mccarthy,larryanderson@martin.net,2,16
2026,Kenneth Harris,rebeccabradley@yahoo.com,1,8
2027,Stacy Lee,jillrusso@berg.com,2,50
2028,Heather Haas,michael79@yahoo.com,1,25
2029,Nathan Jackson,gonzalezbryce@meyer.info,3,12
2030,Kristen Patrick,cmorrow@charles.org,1,14
2031,Shawn Johnson,kimberly58@gray.com,3,32
2032,Denise Lewis,katherinepayne@gmail.com,3,33
2033,Matthew Garcia,denisewells@garza-decker.com,2,35
2034,Chris Nelson,zbaker@yahoo.com,3,39
2035,Becky Trevino,wsmith@hotmail.com,3,17
2036,April Rodriguez,hortonbrian@hart-newton.com,1,36
2037,William Cabrera,nicholas20@wise.biz,1,43
2038,Monica Morris,amycaldwell@gmail.com,1,41
2039,Victor Nguyen,karensilva@brown.com,1,36
2040,Caroline Davis,sking@hotmail.com,1,13
2041,Donald Miller,holly67@lopez.com,1,15
2042,James Thomas,belljennifer@tucker-brown.info,2,15
2043,David Jones,sarah37@harris-ballard.biz,2,22
2044,Robin Poole,sarahporter@yahoo.com,1,42
2045,Gary Johnson,christopher29@hamilton.com,3,42
2046,Amy Lynch,wturner@luna-carlson.com,3,22
2047,Tara White,vmueller@mann-lopez.org,2,17
2048,Robert Williams,vwilliams@yahoo.com,3,24
2049,Ray Williams,richard91@gmail.com,1,39
2050,Michael Gibbs,mary77@smith-ellis.com,1,44
2051,Eric Mckinney,kperez@munoz-bailey.com,2,27
2052,Nicole Harris,curtisnancy@patel-everett.org,3,5
2053,Thomas Patel,allisonjennings@leon.com,2,36
2054,Brandon Weber,john34@gmail.com,1,5
2055,Nicole Silva,tamara57@jackson.com,3,31
2056,Michelle Williams,boothmichael@hotmail.com,3,26
2057,Edwin Christensen,kimberly32@best-lopez.org,3,7
2058,Daniel Estrada,stephen36@lopez.com,2,27
2059,Teresa Ali,gduke@gmail.com,3,10
2060,Joshua Combs,josephstewart@hall.info,1,1
2061,Michelle Tyler,jocelyn08@gmail.com,1,4
2062,Bryan Johnson,ydavis@yahoo.com,3,4
2063,Kimberly Ochoa,tsalazar@hotmail.com,2,45
2064,Jennifer Rice,qmahoney@huber-hobbs.com,1,10
2065,Eric Shea,gregory27@hotmail.com,1,7
2066,Tiffany Russo,kaylee16@sullivan.com,3,5
2067,Heather Fisher,garymitchell@gibson.com,3,46
2068,Henry Bennett,aaron94@yahoo.com,3,10
4197,Jennifer Lindsey,jlfmartin@yahoo.com,3,12
2070,Margaret Harris,mcphersonlance@gmail.com,3,20
2071,Joseph Tucker,kellycook@hernandez.com,1,44
2072,Brandon Carney,scottdaniel@hotmail.com,3,32
2073,Richard Fields,cburnett@gmail.com,2,24
2074,Vincent Thomas,prichardson@long.com,3,21
2075,Hannah James,hectorward@jones.com,1,14
2076,Brenda Torres,amanda62@robinson.com,1,8
2077,Amber Kennedy,lucasfigueroa@powell-cooper.net,2,48
2078,James Carter,whitemichelle@yahoo.com,1,6
2079,Shane Roman,aprildaugherty@jackson-torres.com,3,8
2080,William Forbes,joshua63@turner-dickson.com,1,18
2081,James Reynolds,jjames@harding.com,3,47
2082,Martha Greene,joshua96@yahoo.com,2,13
2083,Jamie Jones,lucas83@hotmail.com,2,10
2084,Cody Villarreal,adrienneolson@mcgrath-hernandez.com,3,13
2085,Gabriella Harris,yyates@gmail.com,3,35
2086,Sonya Henry,gary93@meyer-curtis.info,1,39
2087,Frank Smith,esanford@yahoo.com,2,37
2088,Drew Glover,vmcbride@hotmail.com,2,25
2089,Carolyn Bell,johnnyvillanueva@hotmail.com,1,36
2090,Justin Wolfe,imartinez@yahoo.com,1,26
2091,Desiree Strong,philipmorrow@moore.biz,1,48
2092,Daniel Boone,marydavis@gmail.com,2,24
2093,Alexandria Pierce,daughertycarrie@peterson.net,3,16
2094,Michelle Rodriguez,tflores@turner-white.com,2,18
2095,Sandra Kelley,nbennett@gmail.com,2,21
2096,Regina Downs,zunigamatthew@yahoo.com,2,9
2097,Julie Wilson,brendakennedy@gmail.com,2,15
2098,Spencer Anderson,reedangel@perez.com,3,33
2099,David Walker,douglasburns@crawford.net,2,39
2100,Andrea Francis,christine25@williams.org,3,16
2101,Victor Snyder,montgomerybriana@austin.net,3,1
2102,Shannon Whitehead,mark41@yahoo.com,2,7
2103,Matthew Miller,acardenas@yahoo.com,2,34
2104,Deborah Scott,lauren25@garcia.com,1,28
2105,Kelsey Griffin,karengraham@hunt-jones.biz,2,15
2106,Jacob Willis,carlosclark@edwards.net,1,25
2107,Brady Chan,damon13@gregory-levine.com,3,16
2108,Erica Huber,qsimpson@kerr.com,1,17
2109,Jasmine Brown,vbeasley@lewis.com,1,48
2110,Brandy West MD,kennedyelizabeth@brown-chapman.com,3,20
2111,Ryan Rogers,paul46@gmail.com,2,47
2112,Jason Ayers,megan79@gmail.com,2,23
2113,Patrick Oconnell,berryjose@osborn-edwards.com,3,1
2114,Craig Montgomery,aespinoza@hotmail.com,3,36
2115,Paul Butler,nfuller@hotmail.com,3,34
2116,Kimberly Taylor,zwalker@crane-reeves.biz,3,19
2117,Lisa Perez,ifoster@ortiz-jackson.com,1,44
2118,Erica Butler,carterjulie@bryant-meyers.com,3,38
2119,Margaret Ho,jessica20@blair.com,3,10
2120,Steven Casey,katherineking@brewer.info,1,16
2121,Suzanne Webb,amy33@lopez.com,2,7
2122,Mckenzie Taylor,kempchristine@hotmail.com,1,40
2123,Debra Diaz,elizabeth24@hotmail.com,2,10
2124,Renee White,mcdanielmaria@yahoo.com,2,16
2125,Tonya Chambers,brandonnelson@yahoo.com,3,10
2126,Sarah Johnson,christopherkaufman@yahoo.com,1,23
2127,Melissa Brooks,walshrhonda@villanueva-miller.biz,3,38
2128,Scott Lyons,matthewoneal@hardy.com,3,32
2129,David Vega,fhall@henderson.com,2,30
2130,Nicholas Miller,heather46@carlson.biz,3,2
2131,Amy Jones,michele31@gmail.com,2,43
2132,Phyllis Clark,scottmichael@kennedy.com,1,19
2133,Beth Nelson,katieruiz@hotmail.com,3,18
2134,Jacqueline Alexander,glennjohnny@gmail.com,2,8
2135,Philip Wilson,josephwilson@hoover.org,3,15
2136,Monica Cohen,matthew36@yahoo.com,2,15
2137,Natalie Martin,jamesmarsh@hotmail.com,2,17
2138,Emma Jensen,frank08@dean.org,3,25
2139,Samuel Delgado,reginataylor@gmail.com,2,32
2140,Benjamin Burgess DVM,harold61@yahoo.com,2,47
2141,Bradley Deleon,mccormickjames@wilson.biz,3,30
2142,Mrs. Amy Reese,jamie73@bolton-martinez.com,1,38
2143,Ricardo Mendoza,griffinjennifer@yahoo.com,1,18
2144,Ronnie Miller,timothy05@gibson.org,3,16
2145,Jasmine Weaver,marshallalice@yahoo.com,2,7
2146,Mrs. Mary Garcia,maxbarber@hotmail.com,1,15
2147,Rebecca Maddox,philiphogan@gmail.com,2,39
2148,Melissa Taylor,kenneth59@hotmail.com,2,30
2149,Victoria Gill,hperkins@mitchell.org,2,39
2150,Donald Walter,greenjames@hotmail.com,2,10
2151,Samuel Oliver,xcampbell@lewis-carter.com,3,29
2152,Marco Mccall,smithchase@weeks.com,3,26
2153,Michael Simmons,clyons@gmail.com,2,12
2154,Courtney Duke,jeremiahpreston@gmail.com,2,44
2155,Wyatt Figueroa,atkinsonjames@ellis-george.com,3,29
2156,Heather Herrera,donald66@gmail.com,3,39
2157,Amber Marsh,bentleytheresa@yoder.com,2,20
2158,David Knight,jeffrey72@mooney-rasmussen.biz,1,3
2159,Marcus Garza,bradley39@yahoo.com,3,43
2160,Kyle Stewart,amanda58@gmail.com,1,12
2161,Allison Taylor,jeffreyfranco@gmail.com,3,40
2162,Courtney Nichols,klopez@gmail.com,1,40
2163,Barbara Jordan,loganbyrd@sellers-miller.com,1,27
2164,Aaron Brown,ysherman@wheeler-anderson.org,1,34
2165,Stacy George,emartinez@hotmail.com,2,22
2166,Calvin Williams,leeeric@byrd-davis.com,3,29
2167,Kyle Park,chadsantos@hotmail.com,1,45
2168,Dr. Michael Johnson DVM,michaeltorres@james.org,3,23
2169,John Black,ggibson@hotmail.com,3,47
2170,Erica Vargas,lisazimmerman@sullivan.com,1,17
2171,Mark Owens,zbowers@reyes.info,1,49
2172,Debra Moody,amy84@bridges.com,2,23
2173,Michael Montoya,monroeheather@gmail.com,2,48
2174,Zachary Bolton,bharrison@yahoo.com,3,41
2175,Adam Sexton,choffman@farley.biz,1,17
2176,Kathryn Mcdonald,tinastevenson@crawford.com,2,15
2177,Stephanie Zhang,joseph60@king.com,3,3
2178,Nicole Wagner MD,ricardo02@ramirez.info,3,15
2179,Desiree Murillo,emily54@yahoo.com,2,11
2180,Amanda Roberts,morrisonjoseph@hotmail.com,2,12
2181,Teresa Martin,sandersmelissa@french.com,1,34
2182,Bryan Evans,jacquelinejackson@hotmail.com,2,29
2183,Raymond Wheeler,paulgonzalez@ball.com,1,10
2184,Debra Compton,hross@gmail.com,2,6
2185,Kari Smith,tony10@gmail.com,3,3
2186,Christian Carr,darrylrice@hotmail.com,3,37
2187,Mark May,cmendoza@lozano-carey.com,1,34
2188,William Clark,khanamy@hernandez.com,3,22
2189,Kimberly Hines,nicholasblair@gmail.com,2,33
2190,Marc Wilson,ythomas@yahoo.com,2,27
2191,Chelsea Washington,rebecca27@johnson-proctor.com,1,25
2192,Samuel Jones,arnoldchristina@lin.com,2,29
2193,Jonathan Wood,jcrawford@middleton.com,1,18
2194,John Schwartz,jboyd@reynolds.com,3,21
2195,Bonnie Ferguson,james96@ramirez.com,2,43
2196,Xavier Fitzgerald,gabrieljohnson@moon.com,1,11
2197,Melissa Cole,rachelperez@gmail.com,2,24
2198,David Baldwin,kelly14@wilson.com,1,31
2199,Nicole Arroyo,aaron03@gmail.com,3,24
2200,Jennifer Friedman,wbranch@oconnor.com,3,23
2201,Trevor Lloyd,matthewriggs@harmon.net,3,4
2202,Zachary Williams,zpeterson@yahoo.com,2,30
2203,Gregory Clark,nicholsalexander@yahoo.com,1,7
2204,Samantha Johnson,mclaughlinbrenda@brown.com,1,27
2205,Henry Owens,stevenaustin@costa-knox.com,2,40
2206,Misty Bishop,johnsonkatherine@hotmail.com,3,27
2207,Cindy Johnson,kaufmankathleen@yahoo.com,2,38
2208,Bryan Perez,gloriathomas@baker-gay.com,1,49
2209,James Carr,daviscathy@jones.info,3,36
2210,Joseph Hansen,luis01@booth.com,3,18
2211,Lucas Saunders,davidcolon@hotmail.com,3,16
2212,Tiffany Griffith,yjensen@ballard-skinner.com,3,40
2213,Brandon Green,steven45@miller.net,2,39
2214,Kristen Aguilar,uramirez@hotmail.com,1,47
2215,William Allen,duncanlisa@ruiz.net,2,35
2216,Jeff Lee,jamesross@bartlett-mcconnell.com,2,42
2217,Mr. Philip Dixon DDS,christina48@gates.com,1,5
2218,Jennifer Russell,sflores@johnson.com,3,1
2219,April Hayes,samantha93@hotmail.com,2,31
2220,Scott Carter,rodneycruz@yahoo.com,2,11
2221,Luke Murray,rhopkins@hotmail.com,2,3
865,Jerome Santos,jsgrobinson@hotmail.com,1,21
2223,Troy Burke,kristengraham@walters-williams.biz,2,50
2224,Reginald Henry,jballard@davis.com,2,30
2225,Morgan Long,sharon05@yahoo.com,1,4
2226,Katie Ortega,mherrera@hotmail.com,1,19
2227,Terry Rosales,susan62@gmail.com,1,31
2228,Samuel Gonzalez,wduran@bird-estrada.com,1,30
2229,Cynthia Washington,karenrussell@wright.net,3,18
2230,Rachel Smith,tyoung@romero.org,2,14
2231,Jessica Carter,douglasdickerson@sheppard-martinez.net,2,8
2232,Aaron Conway,pamelamorris@haas-brooks.com,2,37
2233,Anthony Ross,michele80@gmail.com,3,34
2234,Kathleen Morris,jo83@malone-thomas.com,3,37
2235,Alan Parks,lunarichard@yahoo.com,3,18
2236,Christine Rice,ruth67@cook-garza.net,3,8
2237,Joshua Rose,christian06@phillips-white.com,1,10
2238,Kerry Wise,odavis@douglas-nelson.com,3,31
2239,Kevin Williams,yanderson@hotmail.com,3,18
2240,Cameron Avila,itran@hotmail.com,3,41
2241,Richard Nguyen,dianathornton@garcia.com,1,43
2242,Jordan Huber,moorejeffrey@hotmail.com,2,25
2243,Holly Wilson,robertwood@harrison.com,1,40
2244,Melvin Gonzales,nwalker@ellis.com,2,48
2245,Deborah Meadows,cherylevans@hotmail.com,2,3
2246,Christopher Patel,wongpenny@rodriguez.info,1,34
2247,Jennifer Charles,jennifer80@gmail.com,2,33
2248,David Novak,ntownsend@yahoo.com,1,26
2249,Amy Rodriguez,holly90@yahoo.com,1,31
2250,Diana Riley,gschmidt@harrison.com,2,28
2251,Jessica Townsend,tammy19@yahoo.com,1,24
2252,Kevin Lara,michelle17@gmail.com,3,30
2253,Calvin Williams,thomas12@yahoo.com,1,46
2254,Joe Smith,xwalker@white.info,2,7
2255,Mr. Jesse Collins,hreed@vasquez-wallace.com,3,9
2256,Andrew Wyatt,vrichmond@montgomery-randall.com,2,13
2257,Lisa Contreras,vwise@davis-murphy.info,1,21
2258,Debra Stafford,wgonzalez@lee-sherman.biz,1,35
2259,Emily Mendez,samuelcunningham@yahoo.com,2,18
2260,Briana Sanchez,tracysnow@gmail.com,2,31
2261,Terry Boyd,smithrebecca@yahoo.com,3,12
2262,Timothy Fisher,richardhayes@robinson.biz,3,2
2263,Eric Perez,qcochran@gmail.com,1,13
2264,Matthew Savage,wedwards@martinez-lee.biz,1,47
2265,Philip Holt,kevin82@hotmail.com,2,17
2266,Matthew Bradshaw,melvin30@gmail.com,1,27
2267,Amber Harris,grossdouglas@yahoo.com,3,6
2268,Ryan Davies,ian62@guzman.com,1,44
2269,Amy Cox,reynoldstracy@norris.com,2,45
2270,David Scott,charles84@johnson-marshall.com,2,34
2271,Kenneth Howell,shannonpoole@hotmail.com,3,45
2272,Eric Price,tracey45@yahoo.com,1,44
2273,Samantha Baker,jessica51@hotmail.com,2,48
2274,Edward Campbell,martinezstephanie@thomas-wright.biz,2,36
2275,Jennifer Bryant,rachel88@yahoo.com,3,31
2276,Donald Hobbs,jenniferpatton@phillips-howell.org,3,18
2277,Arthur Myers,austinhayden@hotmail.com,3,6
2278,April Johnson,dfernandez@hotmail.com,3,27
2279,Rebecca Glass,kbuckley@yahoo.com,3,4
2280,Denise Martin,helenhansen@harris.info,1,36
2281,Emily Flores,imeadows@koch.com,1,14
2282,Pamela Kennedy,guy65@davis.net,1,7
2283,Amy Clark,hgarza@salazar.info,1,4
2284,Kelsey Mejia,johnlee@yahoo.com,3,5
2285,Kevin Moore,christina76@nelson.biz,1,1
2286,Erik Page,hallangela@yahoo.com,1,37
2287,Michael Jacobs,alexanderelliott@yahoo.com,1,27
2288,Larry Morgan,karen62@kirby.com,1,8
2289,Edward Morgan,kristapotter@lopez-little.com,2,45
2290,John Reed,katelynwhite@gmail.com,3,34
2291,Calvin Johnson,kelli64@scott.com,3,44
2292,Traci Maxwell,adam18@jones.org,2,1
2293,Robert Johnson,richard06@hotmail.com,2,11
2294,Danny Stone,jameswolf@armstrong-moore.com,3,7
2295,Brandon Quinn,catherine52@cantrell.info,1,11
2296,Amy Jones,david40@hotmail.com,1,23
2297,William Dyer,pjohnson@walker-johnson.net,2,46
2298,John Walker,stonejeremiah@perry-steele.com,2,9
2299,Jeffery Kelley,barbara45@gmail.com,3,26
2300,Tara Anthony,melinda26@hotmail.com,1,42
2301,Juan Kelly,iowens@bell.com,3,31
2302,Bryan Williams,nguyennathan@farrell-mccall.org,1,33
2303,Robert Harris,sanchezmelissa@hotmail.com,3,43
2304,Carla Ramos,jamesmurillo@yahoo.com,1,11
2305,Diana Stone,michaelbarrett@bray.com,2,34
2306,Desiree Barr,joshua54@hotmail.com,3,12
2307,Ashley Cook,zrose@cooper-landry.com,3,45
2308,Garrett Olsen,mcintoshapril@cunningham.com,3,45
2309,Randy Melendez,krystal74@fleming.com,1,18
2310,Matthew Parker,keyamanda@kemp-castillo.net,1,18
2311,Thomas Schultz,jennifer34@johns-aguilar.com,3,35
2312,Tamara Johnson,brendarollins@hotmail.com,3,50
2313,Michael Hodges,vguzman@todd-morales.biz,2,28
2314,Alexander Fisher,guzmanvictor@carroll-jackson.info,3,17
2315,Katherine Perez,shannon48@green.com,2,30
2316,Curtis Crawford,scottmatthew@hotmail.com,3,33
2317,Michael Cline,garciasabrina@hudson.com,2,7
2318,Cassandra Liu,karen94@estrada-rogers.com,1,37
2319,Richard Smith,bryantvanessa@gmail.com,3,2
2320,Miranda Jackson,derrickjohnson@gmail.com,2,23
2321,Stephanie Banks,mwashington@curtis.info,3,44
2322,Danielle Harris,cmarshall@yahoo.com,3,32
2323,Jenna Kent,tammygarcia@yahoo.com,3,24
2324,Dawn Simon,millerpatricia@peters-rodriguez.com,2,42
2325,Laura Parsons,sclayton@rasmussen-lyons.org,2,39
2326,Patrick Perry,hyoung@gmail.com,1,34
2327,Leslie Williamson,dyang@cox-pugh.com,2,47
2328,Cassandra Miller MD,moralesmatthew@hotmail.com,2,12
2329,Angelica Perry,jennifer59@anderson-berry.com,2,49
2330,Katherine Dillon,haleyjones@larson.com,1,3
2331,Julie Sandoval,stevenskaren@kelley.com,2,22
2332,Mike Combs,ocrosby@hotmail.com,3,32
2333,Beth Norman,batesamy@gmail.com,3,34
2334,Sara Robertson,stephanie93@alexander.com,1,43
2335,Donald Ortiz,smithtommy@jones-rodriguez.com,1,47
2336,Cheryl Lopez,xlewis@flynn.com,2,13
2337,Richard Preston,colemanjanet@steele.com,3,12
2338,Russell Rodriguez,jamescastaneda@gmail.com,2,16
2339,Dawn Perez,carol81@gmail.com,2,22
2340,Ernest Crawford,zraymond@watson-washington.com,1,22
2341,Krystal Turner,bondhayden@ford.info,3,48
2342,Brittney Burke,turnertara@norris.com,3,18
2343,Shannon Washington MD,jaclynsanders@smith-estrada.com,2,34
2344,Jeff Malone,kramirez@pham-johnson.com,1,24
2345,Angela Dougherty,monique58@hotmail.com,2,24
2346,Cory Reyes,foxgina@gmail.com,2,10
2347,James Lopez,thomas20@hotmail.com,3,32
2348,Clifford Watson,ahenderson@gmail.com,1,37
2349,Nancy Perez,keith87@smith.com,1,19
2350,Justin Douglas,wcole@collier.info,3,11
2351,Stephanie Patel,tmckay@hotmail.com,2,33
2352,Christopher Bush,michelle73@webb.info,2,7
2353,Jo Duncan,nphillips@yahoo.com,1,40
2354,Sheila Washington,bensonjesus@hotmail.com,3,23
2355,Jason Stevens,larsonbrian@gmail.com,2,9
2356,Allison Ramirez,webernicole@gmail.com,3,8
2357,Janice Campbell,joshuasmith@yahoo.com,3,6
2358,Andrew Cook,uking@franklin-glass.com,3,16
2359,Tyler Hernandez,ecrawford@hotmail.com,1,43
2360,Ana Huffman,kristy98@yahoo.com,1,44
2361,Megan Campos,jjones@hotmail.com,3,48
2362,Brooke Brown,daniellecastillo@gmail.com,2,2
2363,Lorraine Moore,amccarthy@hart-hernandez.net,3,45
2364,Shawn Brown,stephenbrown@gmail.com,1,28
2365,Kathy Weeks,sandrasmith@hotmail.com,1,45
2366,Christopher Brown,janice97@gmail.com,2,29
2367,Tina Nelson,kathryn57@yahoo.com,1,9
2368,Kathy Smith,stacey90@graham-thompson.info,3,30
2369,Kathryn Barnes,jeff60@yahoo.com,1,43
2370,Andres Clark,laurathompson@gmail.com,2,1
2371,John Carpenter,gardnersarah@yahoo.com,2,26
2372,Linda Bailey,perry34@johnson.com,2,4
2373,Lauren Logan,arthur38@hotmail.com,3,9
2374,Jeremy Espinoza,katherinemiller@davidson-hess.com,1,37
2375,Carolyn Campbell,kimberly41@parker-thomas.biz,3,42
2376,Timothy Morse,qwhite@hotmail.com,3,27
2377,Alicia Ramos,hudsonjessica@gmail.com,1,31
2378,Savannah Ellis,williehenderson@gmail.com,2,25
2379,Amber Kent,dianethomas@sharp-edwards.com,3,45
2380,Wayne Myers,dorothybenton@phillips.com,1,13
2381,Jennifer Edwards,crawfordsusan@gmail.com,3,22
2382,Ryan Wilkins,martinward@hotmail.com,3,38
2383,Ashley Callahan,nathan15@hotmail.com,2,8
2384,Teresa Davis,stephanie61@moore-williams.net,2,18
2385,Mr. James Williams,margaretward@ramsey.com,3,25
2386,Allison Baker,davidglover@yahoo.com,2,2
2387,Leroy Salazar,singhmikayla@doyle.org,1,36
2388,Lisa Brewer,april21@gmail.com,1,5
2389,Jenna Obrien,jarvisholly@hotmail.com,1,39
2390,Sara Wright,colemanjason@gmail.com,3,37
2391,Amber Sandoval,yosborne@yahoo.com,2,30
2392,Carla Fisher,davidbaker@gmail.com,2,16
2393,Jennifer Mooney,hcruz@morales.com,3,22
2394,Stephen Cummings,vcraig@berg.com,2,46
2395,Samantha Wright,april81@scott-lee.com,3,31
2396,Paul Price,owenscynthia@clark.net,1,10
2397,Brittany Thompson,masseyjeremy@yahoo.com,1,15
2398,Troy Collins,chapmanamy@gmail.com,3,15
2399,Anthony Gonzalez,tbailey@gmail.com,3,3
2400,Teresa Jones,stephenpeters@hotmail.com,1,46
2401,Mr. Kenneth Mcdonald,poneill@guerra.org,3,25
2402,John Hartman,ccompton@hotmail.com,2,21
2403,Kristen Sanders,delacruzrebecca@yahoo.com,1,13
2404,Jared Jenkins,heatherleon@yahoo.com,2,21
2405,Jessica Gutierrez,natashahenderson@martin.com,1,45
2406,Katherine Rice,lauren66@bell-ramos.com,3,10
2407,Julie Munoz,brittany47@hotmail.com,3,29
2408,Lawrence Blanchard,jessicasmith@yahoo.com,2,45
2409,Juan Farmer,fergusonjohn@gmail.com,3,49
2410,Brianna Hull,bjohnson@schwartz-coleman.com,3,35
2411,Madison Patel,ruizshawn@hotmail.com,2,2
2412,Hannah Cummings,ronald18@gmail.com,3,32
2413,Peter Moore,jessica55@moran.biz,3,43
2414,Cynthia Riggs,daniel74@gmail.com,2,1
2415,Katherine Wallace,garrisonstacy@adams-mullins.com,2,13
2416,Joshua Robinson,twilliams@walker.com,2,13
2417,Elizabeth Taylor DVM,carlprince@jefferson-wells.com,1,5
2418,Victoria Reynolds,stevensonbrooke@long.biz,1,26
2419,Lee Lucero,rodney69@jones.com,2,2
2420,Joseph Washington,christiansanchez@fowler.com,2,50
2421,Ashley Thomas,isolis@bridges.com,1,45
2422,Laura Johnson,vhines@andrade.info,3,29
2423,Elaine Cameron,richard90@gmail.com,1,44
2424,Ethan Aguilar,curtis62@gmail.com,2,13
2425,Teresa Hernandez,crios@yahoo.com,3,31
2426,Mark Pope,jeffreynavarro@campbell.com,3,22
2427,Nicole Fox,boydsara@torres-henry.com,1,15
2428,Pamela Johnson,cantrelljanet@hotmail.com,1,37
2429,Elizabeth Jordan,andrew25@yahoo.com,3,1
2430,Tracey Smith,orrpatricia@collins-juarez.com,3,18
2431,Kevin Rivera,mcneildana@king.com,2,47
2432,Annette Lane,wking@hotmail.com,2,18
2433,Maurice Jenkins,deanna54@yahoo.com,3,40
2434,Carla Tucker,hannahbuchanan@jones.com,2,16
2435,Danielle Carr,brewermorgan@lester.com,1,39
2436,Heather Mendoza,clarkjustin@mendez.com,2,48
2437,Alyssa Jacobs,hlopez@yahoo.com,3,39
2438,Maria Bruce,brittanyyoder@yahoo.com,2,18
2439,Terrence Booth,linkyle@williams-martin.com,3,18
2440,Amy Olson,gjackson@hotmail.com,2,31
2441,Justin Chambers,megan26@barker-ayala.com,2,37
2442,Brianna Adams,mollylewis@gmail.com,1,45
2443,Gregory Caldwell,olarsen@yahoo.com,2,8
2444,Joshua Bradford,bobbybrown@gmail.com,2,22
2445,Mrs. Traci Molina,cristinagraves@yahoo.com,1,44
2446,Joseph Johnson,rodriguezmark@watkins-sparks.com,1,41
2447,Shane Spencer,kkey@hotmail.com,2,11
2448,Alan Lloyd,shane43@yahoo.com,3,36
2449,Kenneth Lopez,glen65@yahoo.com,3,44
2450,Amy Stanley,kimberly34@yahoo.com,1,31
2451,Daniel Jones,stephenholland@martinez.com,3,44
2452,Sara Kelley,sandra04@clark-meyer.com,2,12
2453,Sydney Norton,colemanrodney@hill-greer.info,1,45
2454,Michael Turner,jessicaprice@hendrix.net,3,14
2455,Cynthia Frazier,briannacruz@esparza-thomas.com,2,46
2456,Gregory Hardy,nellis@gmail.com,3,37
2457,Leslie Collins,patricia03@howe-rollins.com,3,31
2458,Ronald Lane,martinalexis@brady-matthews.net,2,3
2459,Mr. Aaron May,daydavid@hotmail.com,1,41
2460,Joanne Adams,matthewpalmer@rodriguez.net,1,14
2461,Katherine Green,nicholasparker@wells.com,1,42
2462,Tracy Thompson,rogerspatricia@phillips.com,2,50
2463,Kristen Burns,nporter@hotmail.com,1,40
2464,Eric Robertson,drobbins@garcia.com,3,25
2465,Amy Lindsey PhD,gwalker@yahoo.com,2,50
2466,David Golden,qsmith@snow-osborne.com,1,44
2467,Amanda Alvarez,john42@yahoo.com,3,47
2468,Evan Watkins,michellegardner@kline-lopez.com,1,29
2469,Joshua Costa,nancy81@green.org,1,46
2470,Paul Freeman,lovejennifer@yahoo.com,3,5
2471,Cassandra Peterson,mayerjulie@yahoo.com,3,2
2472,Tracy Valenzuela,david08@gmail.com,1,23
2473,Anthony Lynch,robinfranco@brock.biz,2,44
2474,Christine Johnson,coltonking@baker.com,1,2
2475,Edward Peters,zhoward@archer.com,3,3
2476,Stephanie Castro,brownsteven@brown-phillips.com,2,43
2477,Micheal Doyle,wwilliams@yahoo.com,3,8
2478,Manuel Holland,bhester@yahoo.com,1,19
2479,Adam Sellers,waltonyolanda@yahoo.com,3,1
2480,Tammy Bell,michael49@yahoo.com,2,23
2481,David Reid,oward@gordon-buckley.info,1,19
2482,Robert Bishop,morrisonmichelle@gmail.com,2,26
2483,Lindsay Norman,thompsonmichael@hotmail.com,1,37
2484,Lauren Garcia,jeffrey12@booth-robles.com,2,23
2485,Regina Adams,amanda05@estrada-garrett.biz,1,9
2486,James Cook,jackbrown@yahoo.com,2,47
2487,Robin Brown,sally38@hotmail.com,3,18
2488,Ryan Robinson,danielsoto@peterson.net,1,39
2489,Jennifer Rodriguez,markmiddleton@hotmail.com,1,8
3537,Christine Vazquez,cvgrobinson@hotmail.com,1,45
2491,Alan Houston,kathleen11@hotmail.com,1,16
2492,Roger Johnson,timothy24@gmail.com,3,45
2493,Christina Bradley,williamstina@roberts-perez.com,1,27
2494,Samantha Taylor,wanda19@rosales.com,2,10
2495,Robert Garcia,gibsonmaria@gmail.com,2,48
2496,Victoria Erickson,amandaevans@gmail.com,1,3
2497,Matthew Mitchell,hilldavid@gmail.com,1,30
2498,Roy Johnston,deborah77@rodriguez.com,2,46
2499,James Conner,colleen36@burton.com,3,29
2500,Arthur King,fishercarrie@gmail.com,1,29
2501,Paul Griffin,smithsarah@johnston.biz,2,44
2502,Christian Hall,jamie31@yahoo.com,3,1
2503,Jeffery Ferguson,ksherman@weiss.com,3,1
2504,Eileen Cole,douglas94@yahoo.com,1,43
2505,Cynthia Russell,hardingalicia@hotmail.com,1,30
2506,Glenda Warren,robertwade@clark-gibson.com,1,35
2507,Kenneth Jordan,theresa91@yahoo.com,2,13
2508,Katherine Foley,thomas27@yahoo.com,1,22
2509,Kathleen Cummings,melissadaniel@yahoo.com,1,35
2510,Michael Powers,lgarcia@martinez.com,1,31
2511,Jason Horn,natalie18@yahoo.com,1,44
2512,Melanie Johnson,kyle89@gmail.com,2,32
2513,Kristopher Brown,edward07@gmail.com,2,11
2514,Thomas Poole,lrobertson@hotmail.com,2,29
2515,Andrew Berry,voconnell@yahoo.com,2,21
2516,Michael Jones,jamesscott@contreras.com,1,4
2517,Tina Simpson,amyhill@hotmail.com,1,27
2518,David Smith,psanders@cole.com,1,44
2519,Dean Williamson,heather83@gmail.com,2,41
2520,Christopher Coleman,morrisonadam@brown.info,2,8
2521,Mark Patterson,paulfoster@gmail.com,3,2
2522,Michael Valenzuela,ilee@rice-clark.biz,3,42
2523,Vanessa Lopez,nicholas98@hotmail.com,3,28
2524,Heather Ward,randallmartin@yahoo.com,3,27
2525,Brian Cooper,michael22@yahoo.com,2,27
2526,Bradley Adams,arroyoteresa@yahoo.com,3,7
2527,Tyler Moss,clarkdiane@hotmail.com,2,23
2528,Sarah Smith,robinsonbrenda@osborn.org,2,41
2529,Sarah Shaw,christinasaunders@dominguez.com,3,8
2530,Heather Miller,llong@hotmail.com,1,32
2531,Lisa Jones,reidangela@hotmail.com,3,18
2532,Michael Delgado,scottking@robinson.com,3,12
2533,Emily Powell,griffithgrant@gmail.com,2,49
2534,James Ruiz,marvincox@obrien.biz,2,45
2535,Amanda Hendrix,mark37@yahoo.com,3,38
2536,Lisa Davis,coleanderson@yahoo.com,1,14
2537,Hayley Fleming,zmccall@yahoo.com,2,27
2538,Tina Christensen,bonniesanders@smith-richmond.net,1,50
2539,Stephanie Harrison,rgalloway@hoffman-lopez.com,2,6
2540,Anthony Miller,anthony63@hotmail.com,2,25
2541,Julie Davis,zjames@wilkins.com,3,21
2542,Joseph Day,davissean@yahoo.com,3,45
2543,James Hayes,mariadougherty@lopez.net,3,18
2544,James Wilson,lynn05@hotmail.com,2,47
2545,Mary Hoffman,rross@yahoo.com,2,29
2546,Jacob Garcia,gonzalezmonica@sellers.com,1,26
2547,Mike Long,edominguez@yahoo.com,2,24
2548,Francis Hancock,dalecook@gmail.com,3,30
2549,Erica Morris,sgarrett@yahoo.com,2,22
2550,Rachel Flynn,samantha52@yahoo.com,2,29
2551,Melinda Horton,garzamonica@baker.com,1,42
2552,Lori Davis,joseflores@mcguire-griffin.com,3,29
2553,Heather Williams,daniel82@garcia.com,2,27
2554,Christopher Adams,homorgan@yahoo.com,2,27
2555,Susan Thomas,pconrad@gmail.com,3,29
2556,William Reynolds,cordovarobert@parsons.com,3,36
2557,Matthew Brady,rosariodenise@murray.com,1,7
2558,Curtis Mcpherson,lindadavis@rogers-hernandez.com,1,19
2559,Tara Jensen,simpsonjane@yahoo.com,1,20
2560,Jeffery Taylor,heather29@dougherty-walton.net,1,37
2561,Michael Howe,dianafoster@fisher.com,2,18
2562,Ronald Harvey II,nkeller@hotmail.com,2,15
2563,Jennifer Walker,zpeterson@brown.com,2,15
2564,Sarah Bennett,chaddavis@harding-wilson.biz,2,38
2565,Riley Cummings,rsoto@campbell.com,3,6
2566,Angela Wilson,craig56@johnson-hoffman.org,3,42
2567,Earl Jones,corey38@newton.info,1,27
2568,Kenneth Thompson,suzannethompson@hotmail.com,1,13
2569,Benjamin Tate,floresmichael@hotmail.com,1,2
2570,Jessica Smith,steven12@yahoo.com,3,25
2571,Jessica Woods,tsoto@hotmail.com,3,47
2572,Breanna Johnson,gpierce@hotmail.com,2,11
2573,Meghan Whitaker,schroedersharon@long.com,3,29
2574,Shawna Jackson,christinacopeland@yahoo.com,1,21
2575,Tracy Salas,michaelbrown@yahoo.com,3,2
2576,Amanda Briggs,vanessanicholson@hotmail.com,2,33
2577,Karen Cole,matthewstrong@bailey.com,2,27
2578,Heather Ferguson,dburns@price.com,2,28
2579,Sarah Winters,josephbyrd@delacruz-peterson.info,1,16
2580,Aaron Mason,wilsonerica@yahoo.com,1,26
2581,Lori Ortiz,mcdanielallison@hotmail.com,3,20
2582,Daniel Young,douglas68@yahoo.com,1,16
2583,Kelly Carney,kathleengutierrez@yahoo.com,2,39
2584,Sheila Farrell,walkerjoseph@harding.com,1,29
2585,Tammy Smith,hillsharon@robles.com,2,22
2586,Mathew Cook,chamberssteven@duncan.org,1,13
2587,John Colon,aviladanielle@hotmail.com,3,7
2588,Maria Dyer,qholmes@higgins.org,2,50
2589,Dr. Stephanie Adams,jennynewman@hotmail.com,3,43
2590,Thomas Nelson,dawnrocha@hernandez.org,1,12
2591,Amber Burnett,vmorales@evans.com,2,11
2592,Katherine Richardson,charlesmathis@hotmail.com,2,9
2593,Wendy Barnett,cheryl82@kennedy.info,1,48
2594,Mackenzie Little,lindsey37@saunders-martinez.org,1,41
2595,Larry Robertson,powellanthony@gmail.com,2,9
2596,Melissa Woods,qmayer@hutchinson-suarez.com,1,40
2597,Susan Brown,blake17@yahoo.com,1,19
2598,Sandra Taylor,cindyelliott@gmail.com,3,37
2599,Amy Smith,tgarrett@gmail.com,2,46
2600,Tamara Yang MD,lijames@powell.com,3,24
2601,Nicole Coleman,hwilliams@gmail.com,2,19
2602,Melissa Morris,carol45@hotmail.com,1,41
2603,Frank Farrell,autumn57@hotmail.com,1,35
2604,Dennis Whitaker,katherine85@gmail.com,2,46
2605,Carrie Buckley,iaguilar@yahoo.com,3,18
2606,Alicia Dominguez,harriskimberly@campos-hughes.com,1,20
2607,Shannon Olson,stephanie98@yahoo.com,1,19
2608,Jennifer Molina,dfloyd@gmail.com,1,14
2609,Deborah Mitchell,lee60@moody-edwards.com,3,49
2610,Joseph Moore,justinroth@blake.com,1,7
2611,Jerry Pugh,jennifer99@yahoo.com,1,40
2612,Nicholas Walker,vcole@murphy-delacruz.net,2,6
2613,Mark Bennett,csmith@vazquez-jackson.org,2,45
2614,Brian Vang,carnold@khan.com,3,42
2615,Joyce Heath,jessica76@griffin-hampton.org,3,5
2616,Andrew Clarke,wcarlson@harris.org,1,48
2617,Jonathan Combs,beckjames@hotmail.com,3,9
2618,Billy Curry,jeffreymonroe@hotmail.com,1,8
2619,Michael Mitchell,christopher73@molina.biz,1,16
2620,Thomas Butler,riveracody@palmer.com,2,6
2621,Amanda Jordan,daniellong@gordon-miller.com,3,13
2622,Patrick Patel,kennethli@hotmail.com,2,28
2623,Robert Walker,edward95@yahoo.com,2,28
2624,Beth Thornton,carlos94@benjamin-wood.com,3,21
2625,Joseph Dunn,jessica81@gilbert.com,2,30
2626,Jessica Harrell,michelle87@gmail.com,2,36
2627,Miranda Wagner,fmurphy@vasquez-hoffman.com,2,35
2628,Juan Wright,klee@gmail.com,3,7
2629,William Bryant,tiffanyprice@gmail.com,3,1
2630,Stephen Smith,lheath@yahoo.com,3,22
2631,Joshua Perez,emilynovak@yahoo.com,1,3
2632,Christopher Alexander,jmercado@davis.com,1,15
2633,Damon Obrien,gregorywang@smith.com,1,28
2634,John Ruiz,sthomas@valenzuela.com,3,32
2635,Megan Barnes,austinjennifer@gmail.com,3,48
2636,Jerry Compton,jill35@schneider-george.com,2,45
2637,Adam Webb,steven96@robinson.com,3,25
2638,Megan Wagner,martinezmason@gmail.com,2,8
2639,Joshua York,dwaynerice@diaz-martin.com,1,47
2640,Sarah Lopez,shawn39@pruitt.com,1,44
2641,Kathryn Martinez,zsmith@hernandez.biz,3,8
2642,Chad Murphy,dkelly@williams.com,1,31
2643,Joshua Leblanc,owebb@jones-marsh.com,3,27
2644,Amy Reyes,hsalazar@yahoo.com,2,22
2645,Amanda Shelton,martha27@walters.com,2,1
2646,Jimmy Mitchell,hlloyd@martinez-curry.com,1,43
2647,Misty White,obryan@gmail.com,3,42
2648,Laura Hansen,timothywhitehead@buckley.info,1,44
2649,Jacob Noble,campossteven@roberts.com,1,19
2650,Kelly Garrett,cookjason@hotmail.com,1,46
2651,John Randolph,wrightmelanie@gmail.com,2,42
2652,Erin Larson,brandi09@estrada-dawson.com,2,36
2653,Adam Jones,qduncan@hotmail.com,3,33
2654,Christopher Schultz,robertwiley@williams.com,1,49
2655,Peter Barker,nfreeman@hotmail.com,1,12
2656,James Mooney,feliciamyers@hotmail.com,2,24
2657,Brenda Castillo,brendasimmons@hotmail.com,3,22
2658,Gilbert Turner,audreyharris@gmail.com,2,22
2659,Christine Nielsen,thomasfrancis@yahoo.com,2,42
2660,Stephanie Smith,franciscoporter@gmail.com,3,34
2661,Deborah Cooper,iho@watson-smith.biz,1,4
2662,Patrick Clarke,rebecca37@gmail.com,1,6
2663,Randall Franco,kellykim@yahoo.com,2,20
2664,John Lynch,davisdonald@johnson.com,1,42
2665,Audrey Davis,danielleaustin@hotmail.com,3,39
2666,Christopher Crane,zacharyjohnson@gmail.com,1,41
2667,Nicole Hughes,lpaul@wright.com,1,19
2668,Leslie Price,caitlinlane@campos.biz,2,17
2669,Mark Lawson,daniel44@gmail.com,1,37
2670,Taylor White,iconner@yahoo.com,1,36
2671,Natalie Kennedy,sgonzalez@hotmail.com,3,24
2672,Michael Collier,james85@gmail.com,3,10
2673,Janice Johnson,younglaura@thomas-garrett.com,3,34
2674,Troy Sparks,santospaul@gmail.com,3,35
2675,Andrea Carr,jamesmcmahon@gmail.com,2,37
2676,Brandon Moon,david78@colon.biz,2,39
2677,Martha Olson,fgeorge@hotmail.com,2,42
2678,Jason Smith,sean68@hotmail.com,1,18
2679,Tammy Sheppard MD,paulmontes@morrison.com,1,23
2680,Dorothy Hill,evazquez@gmail.com,1,16
2681,John Smith,darren54@hotmail.com,2,4
2682,Jerry Taylor,mark76@gonzales.info,2,30
2683,Steven Snyder,yhull@roy-burton.com,1,32
2684,Terry Sanders,haasjohn@gmail.com,2,36
2685,Ashley Quinn,joseph54@gmail.com,2,4
2686,Heather Robinson,kmartinez@davis.com,2,45
2687,April Allen,ckrause@gmail.com,3,20
2688,Christina Pollard,duncanhaley@lopez.com,1,16
2689,Rebecca Evans,ian60@gmail.com,2,5
2690,Theresa Brooks,oliviasnyder@simmons.info,3,9
2691,Joshua Gilbert,blewis@gmail.com,3,30
2692,Lisa Harrison,zgonzalez@lewis.com,1,16
2693,Steven Miranda,huntbrian@yahoo.com,3,11
2694,Melissa Franklin,williamparker@yahoo.com,3,45
2695,Anne Torres,gavinhernandez@hotmail.com,3,28
2696,Mr. Roger Santiago,hgolden@gmail.com,1,9
2697,Jennifer Thomas,naguilar@osborne.com,2,34
2698,Kimberly Green,manningalexander@gmail.com,3,8
2699,Jose Coleman,jackanderson@knight.com,1,19
2700,Charles Singleton,campbelljoseph@hotmail.com,2,31
2701,Catherine Griffin,daniel82@hotmail.com,3,29
2702,Ann Green,zcole@yahoo.com,2,18
2703,Victoria Wise,blove@gmail.com,2,9
2704,Jacqueline Hampton,vanessawright@howard.net,1,29
2705,Beth Diaz,frivers@yahoo.com,1,10
2706,Richard Green,tabithajames@knight.org,3,6
2707,Jessica Mccullough,elizabethrussell@gmail.com,3,9
2708,Scott Werner,jennifer59@shaw.com,1,13
2709,Lauren Burton,sheilawhite@hernandez.info,2,22
2710,Christopher Hughes,james25@flowers-grimes.com,1,47
2711,Kaylee Espinoza,scottelizabeth@wilson.com,3,48
2712,Jessica Perez,ronaldsampson@davis.info,1,37
2713,Margaret Miller,lindseyyoung@donaldson-west.net,1,1
2714,Samantha Thomas,michaeljackson@gmail.com,1,21
2715,Robert Robinson,williamoliver@yahoo.com,3,31
2716,Danielle Ellis,martinrhonda@hotmail.com,2,48
2717,Heather Chang,unoble@buckley.org,3,5
2718,Crystal Smith,brittanypennington@ortiz.net,3,30
2719,Christy Martin,herbert48@yahoo.com,2,6
2720,Jocelyn Sanchez,owilliams@hotmail.com,3,21
2721,Steve Martinez,ireynolds@yahoo.com,2,30
2722,Andrea Jackson,coreylopez@sparks-hunter.com,1,6
2723,Rebecca Ingram,williamscorey@gmail.com,2,14
2724,Victoria Guerra,jamesjohnson@yahoo.com,1,4
2725,Christina Thomas,cheryleverett@gmail.com,3,12
2726,Daisy Cobb,kevin94@shaw.com,2,14
2727,Patricia Miller,dunnnicholas@hotmail.com,2,47
2728,Lisa Kelly,monicawu@clark.com,3,36
2729,Patrick Campbell,holdenshelby@gmail.com,3,49
2730,Danielle Meyer,rileyjames@yahoo.com,3,2
2731,Daniel Jackson,teresaandrews@hotmail.com,3,30
2732,Todd Atkinson,flowersmelissa@rodgers-hardy.org,1,22
2733,Kevin Rich,tannerdawn@brown-baker.com,3,32
2734,Victoria Evans,goodmanwendy@gmail.com,1,29
2735,Sharon Wallace,gonzalezryan@miller.net,2,45
2736,Robert Jones,katherine50@yahoo.com,1,49
2737,James Gordon,charles28@yahoo.com,1,4
2738,Timothy Perez,michael20@williams-wilson.com,1,29
2739,Tammy Norman,christopherdudley@perry.com,2,12
2740,Joseph Merritt,gutierrezsamantha@hotmail.com,3,37
2741,Vanessa Davis,campbellhoward@gmail.com,1,35
2742,Victoria Wilkins,johnpearson@jones-moore.biz,2,26
2743,Valerie Wright,dennissmith@lynch.com,1,28
2744,Kenneth Barnes,casedaniel@clark-cox.com,3,37
2745,Leslie Smith,davenportabigail@gomez.com,3,4
2746,Christina Wilson,amandafrost@miller-dillon.com,3,43
2747,Mark Berger,leonardvirginia@gmail.com,1,42
2748,Melissa Riley,samantha07@hotmail.com,2,2
2749,Brett Rice,rpeterson@valentine-berry.com,1,3
2750,Mary Arias,millermichael@hotmail.com,2,46
2751,Louis Ramsey,vdelgado@daniel-jones.com,1,36
2752,Thomas Williamson,dana22@gmail.com,3,2
2753,Stephanie Walker,stephaniebarr@williams-wilson.org,1,28
2754,Shari Crawford,dnelson@kerr.com,1,29
2755,Jared Arroyo,qcollins@yahoo.com,1,26
2756,Mark Taylor,colemanmary@rodriguez.net,1,15
2757,Christopher Villa,aprilphillips@miles-andrews.com,1,26
2758,Joseph Santos,watsonjohn@bailey-hoffman.info,1,24
2759,Jacqueline Brown,jeffrey12@vasquez-jenkins.com,2,9
2760,Claire Martinez,elliottdiana@yahoo.com,1,6
2761,Samantha Young,flemingrebecca@hotmail.com,1,1
2762,Kyle Duncan,amandamcfarland@lopez-alvarado.com,2,5
2763,Robert Nicholson,thill@ramos.com,1,5
2764,Cheryl Rios,austinsherry@evans.com,3,45
2765,Charles Wolfe,matthewvazquez@williams.org,2,32
2766,Jeanne Fleming,kochbryan@nguyen.com,3,43
2767,Jessica Carter,uparker@yahoo.com,2,9
2768,Steve Turner,larry55@bush-hester.com,1,25
2769,Kyle Ortiz,kevin77@hotmail.com,1,24
2770,Dylan Hernandez,gutierrezbilly@kennedy.org,2,50
2771,Jimmy Church,ohoward@wagner-spencer.info,1,42
2772,Steven Owens,uwolfe@romero.info,1,46
2773,Andrew Guzman,jeffreybell@jackson.com,3,44
2774,Eddie Nguyen,richardponce@sherman-martinez.com,2,10
2775,Lynn Turner,iflores@yahoo.com,3,40
2776,Tammy Campos,jeremiahbrown@martinez.com,3,10
2777,Glenda Kirby,garciaaustin@jones.com,1,26
2778,Amanda Martin,janicepearson@lopez.net,2,46
2779,Michael Richards,jenkinssarah@gmail.com,1,25
2780,Michael Brown,kennethandrews@yahoo.com,3,38
2781,David Ray,ialexander@hotmail.com,1,32
2782,Briana Rodriguez,avilaalan@duncan-nelson.com,1,38
2783,Cynthia Turner,frankhuang@hotmail.com,1,31
2784,Ashley Jordan,vazquezmatthew@hotmail.com,1,33
2785,Jason Navarro,lauren40@yahoo.com,3,37
2786,Jennifer Lee,ihayden@reynolds.com,1,11
2787,Jordan Martin,wsweeney@wallace.com,3,3
2788,Alfred Perry,crawfordsandra@hunt-bailey.com,2,39
2789,Amanda Jones,umercado@gonzalez.com,3,50
2790,Stacy Garza MD,ubentley@martinez-delgado.com,3,35
2791,Laura Mueller,rodriguezjennifer@hampton.com,1,42
2792,Shannon Norris,flee@hotmail.com,3,4
2793,Tim Williams,anthonyallison@hotmail.com,3,11
2794,Holly Curtis,michelleanthony@yahoo.com,2,39
2795,Jeanne Howard,brian91@hanson.com,2,21
2796,Melanie Lee,barnescharles@gmail.com,2,40
2797,Mr. Cory Smith,yvonnefarley@mccarthy-ryan.org,3,48
2798,Justin Campbell,smithtodd@jimenez.com,3,43
2799,Gary Hooper,ganderson@gmail.com,1,14
2800,Robert Page,logan82@yahoo.com,2,25
2801,Michael Rivera,eadams@yahoo.com,3,37
2802,Jessica Lam,ryan05@hotmail.com,3,7
2803,Virginia Hall,fzamora@lee.org,3,16
2804,Ms. Taylor Ryan,jonathantownsend@frazier-hughes.com,3,48
2805,Albert Barrett,travis90@white.com,1,44
2806,Tara Graham,tracyjames@hotmail.com,3,35
2807,Debbie Clark,obrienkaitlyn@mercado.info,2,13
2808,Nathaniel Cain,millerjonathan@marshall.net,3,40
2809,Alex Moore,randytorres@gmail.com,2,27
2810,Mark Hernandez,ddixon@randall-evans.com,3,7
2811,Tamara Graham,mitchelldeleon@hotmail.com,3,22
2812,Richard Gonzalez,jefferyanderson@hotmail.com,3,18
2813,Matthew Washington,vincent10@jackson.biz,1,34
2814,Taylor King,rojasjason@bailey.com,2,6
2815,Matthew Garza,theodorenelson@yahoo.com,1,40
2816,Jeremy Johnson,jennifer99@gmail.com,2,27
2817,Joshua Sanders,katherinebond@hotmail.com,2,16
2818,Joy Rogers,patrick63@green.com,3,24
2819,Phyllis Bell,benjamin86@robertson-arnold.org,2,26
2820,Raymond Bennett,anna61@mcbride-ray.info,1,13
2821,Christopher Richmond,jacksonbrittany@yahoo.com,1,47
2822,Brian Roberts,ruizshelby@hall.com,2,39
2823,Daniel Campbell,michaelgutierrez@hotmail.com,3,49
2824,Ruben Rodriguez,jeremydean@yahoo.com,3,50
2825,Christopher Bennett,ashley96@yahoo.com,2,19
2826,Cheryl Hall,gcole@robles-washington.com,1,17
2827,Jennifer Collins DDS,garciajacqueline@yahoo.com,1,18
2828,Oscar May,mosssteven@gmail.com,2,12
2829,Brian Watson,mcooper@hotmail.com,3,48
2830,Priscilla Hayden,michaelescobar@parks.com,3,45
2831,Penny Mason,campbelljennifer@sawyer-armstrong.info,2,7
2832,Pamela Williams,veronica75@robinson-schmidt.com,3,5
2833,Zachary Johnson,mark11@gmail.com,3,4
2834,Christine Stokes,espears@scott-oliver.com,2,13
2835,Rachel Davis,nparsons@smith.com,1,34
2836,Larry Foley,shannonmitchell@russell-smith.org,3,39
2837,Ryan Marsh,johnsonmelinda@brown.com,1,22
2838,Joel Thomas,martinezcolton@yahoo.com,2,47
2839,Michael Deleon,justin52@hotmail.com,1,43
2840,Eric White,thomas27@carlson.net,3,8
2841,Lori Taylor,rachelmoyer@yahoo.com,2,4
2842,John Kramer,michael02@yahoo.com,2,10
2843,Rebecca Hayden,progers@hotmail.com,3,32
2844,Megan Frazier,anaruiz@gmail.com,1,48
2845,Karen Vega,johngomez@garcia.biz,1,9
2846,Jamie Barnes,reyesmelissa@king.com,3,37
2847,Adam Mitchell,nwillis@hall-clark.com,1,20
2848,Ryan Clarke,margaretbarrett@gmail.com,2,32
2849,Benjamin Howard,lisa60@diaz.net,3,7
2850,Patricia Kelley,mendezkim@yahoo.com,2,10
2851,Andrew Hicks,leethomas@mcclain-richards.net,2,11
2852,Mitchell Gaines,qgarcia@hotmail.com,3,3
2853,Michael Ashley,christopher86@gmail.com,1,50
2854,Karen Davidson,debbie16@yahoo.com,2,8
2855,Derek Mcintosh,johnsonchase@wilkerson.com,2,40
2856,Mark Johnson,trevor12@gmail.com,1,14
2857,Steven Edwards,williamschristopher@yahoo.com,3,10
2858,Caitlin Hawkins,gregory99@yahoo.com,3,31
2859,Emma Davis,donovanallison@zimmerman.info,2,43
2860,Lynn Mcconnell,daniellecastillo@alvarez.com,1,38
2861,Carolyn Johnson,christianparks@yahoo.com,1,13
2862,April Alexander,moodyjames@rodriguez.com,1,40
2863,Drew Barnett,harrisronnie@brennan.info,2,27
2864,Vanessa Ball,angela94@gmail.com,1,37
2865,Kendra Morse,roger93@henderson-thompson.com,3,41
2866,Carrie Hayden,clarkkrista@gmail.com,2,37
2867,Randy Foster,powellamber@gmail.com,2,35
2868,Denise Anderson,zachary12@gmail.com,2,40
2869,Linda Ford,aaron65@hotmail.com,3,28
2870,Nathan Cantrell,padillacody@gmail.com,3,25
2871,Jamie Martinez,sarmstrong@lewis-lucero.net,2,7
2872,Hunter Jones,michaelbentley@gmail.com,2,31
2873,Matthew Mendoza,christopherbryant@yahoo.com,2,6
2874,Jared Ware,lhill@gmail.com,1,49
2875,Keith Liu,gina88@wright-smith.com,2,22
2876,Bailey Griffin,matthewvaldez@barnes.com,2,45
2877,Kevin Alvarez,tiffanymartin@hotmail.com,3,39
2878,Kelly Fitzpatrick,kathleenweaver@yahoo.com,2,2
2879,Shawn Sanchez,huertascott@reynolds.biz,1,24
2880,Rachel Griffin,qcox@dudley.biz,3,37
2881,Daniel Palmer,whitekathleen@gmail.com,1,19
2882,Jessica Flores,tthompson@hotmail.com,1,17
2883,James Parks,stephen07@wallace-schmidt.info,2,43
2884,Joel Mitchell,sarah68@yahoo.com,3,40
2885,David Malone,chase04@gmail.com,2,19
2886,Joshua Michael,jared82@yahoo.com,3,35
2887,Andrew Kaufman,judithblackburn@hotmail.com,3,37
2888,Jamie Harris,kelly12@hotmail.com,1,41
2889,Brian Hopkins,bhigarcia@gmail.com,3,16
2890,Joseph Wells,smatthews@martin.net,3,10
2891,Tony Moss,jamie73@hotmail.com,3,36
2892,Sheri Manning,barbaramartin@yahoo.com,3,43
2893,Kyle Allen MD,robertmcgee@jenkins.net,3,23
2894,Brian Mckenzie,stephenoneal@bauer.net,2,4
2895,Kaitlin Parker,stevenporter@hotmail.com,3,48
2896,Marie Aguilar,margaret17@torres.com,1,6
2897,Elizabeth Stevens,rrojas@hotmail.com,3,48
2898,Sarah Castro,rward@miller.com,1,26
2899,Charles Lee,zcantrell@hotmail.com,1,42
2900,Bruce Ryan,davidpatterson@yahoo.com,3,35
2901,Briana Wallace,rossalexandra@love.info,3,50
2902,Michael Rodriguez,qcosta@murillo.info,1,21
2903,Edward Navarro,robin55@lopez.com,2,40
2904,Laura Moore,kristinacantrell@hotmail.com,1,30
2905,Carlos Heath,brandonsolomon@yahoo.com,2,31
2906,Brittney Luna MD,glennchristopher@hotmail.com,3,38
2907,Richard Lowe,millskimberly@sharp.net,1,5
2908,Jennifer Hernandez,frankdonald@salinas.com,2,39
2909,Lisa Sanders,rosemaria@campbell.com,2,45
2910,Eric Schaefer,hcox@hotmail.com,1,48
2911,James Mitchell,vickijacobson@yahoo.com,3,33
2912,Michael Bennett,johnsonkristine@gmail.com,1,24
2913,Adam Moody,dennisamy@gmail.com,2,9
2914,Matthew Harrison,sara62@lewis.org,2,3
2915,Michael Soto,jamesbolton@gmail.com,2,19
2916,Kenneth Chandler,rglass@landry.com,2,7
2917,Robert Marks,erobinson@johnson.com,3,27
2918,Keith Rodriguez,llyons@gmail.com,3,15
2919,Susan Miller,ffowler@jenkins.com,2,38
2920,Rhonda Green,bwilkinson@gmail.com,2,9
2921,Thomas Weaver,anthonymoore@hotmail.com,3,50
2922,Jonathan Glover,maryorozco@gmail.com,2,17
2923,Scott Williams,uluna@yahoo.com,1,2
2924,Angela Brown,silvaanthony@gonzalez-king.org,3,43
2925,Carl Mendez,nortonrodney@hotmail.com,1,24
2926,Sandra Russell,powerslaura@cruz.org,2,30
2927,Jason White,christopher68@morales-simmons.biz,2,20
2928,Mark Allen,connie73@gmail.com,1,40
2929,Christina Gutierrez,paula36@hotmail.com,1,12
2930,Cynthia Lewis,ulee@booker-nguyen.com,2,12
2931,Jordan Hudson,annalong@nelson.com,1,16
2932,Kristin Brown,thomasgabrielle@hernandez.info,1,10
2933,Christina Bartlett,cbrown@yahoo.com,1,20
2934,Erik Sanford,shawn41@hotmail.com,3,33
2935,Adam Parks,annettelewis@williams.info,1,14
2936,Earl Phillips,elizabeth78@gmail.com,1,18
2937,John Campbell,james91@santos.com,1,34
2938,Jillian Mccarthy,dunndaniel@gmail.com,2,29
2939,Elizabeth Johnson,kevinjohnson@hotmail.com,1,6
2940,Ashley Benton,lclay@evans.com,2,20
2941,James Spencer,zho@gmail.com,3,25
2942,Connie Garza,adam48@hotmail.com,1,47
2943,Morgan Stone,ayalaeric@jenkins.com,3,1
2944,Michael Phillips,bsmith@hotmail.com,1,4
2945,Eric Hernandez,deborah65@gmail.com,1,11
2946,Jade Anderson,tbarnett@yahoo.com,3,1
2947,Norman Grimes,rholmes@hotmail.com,2,50
2948,Jeremy Clark,margaretjohnson@hill.info,2,14
2949,Gloria Jordan,burtonbailey@gmail.com,3,26
2950,Deborah Kelly,bryan51@gmail.com,1,39
2951,Glenda Martinez,dianasimpson@hotmail.com,2,21
2952,Amanda Perez,zfrederick@hill.info,2,18
2953,Timothy Gonzalez,alishaserrano@gmail.com,2,16
2954,Stephen Mendez,holmesadam@gmail.com,1,40
2955,Eugene Miller,rebeccataylor@yahoo.com,1,40
2956,Nicole Hernandez,patricia20@yahoo.com,3,14
2957,Gary Oliver,coxcole@lopez-mcclure.com,3,2
2958,Kelly Villarreal,dawn79@hotmail.com,2,11
2959,Regina Tran,kingjeffrey@hotmail.com,2,25
2960,Alex Cook,haasmargaret@rodriguez.com,1,6
2961,Thomas Myers,samanthaowens@rogers.org,1,19
2962,Rebecca Nichols,amyatkins@gmail.com,2,33
2963,Richard Davis,jhoffman@cunningham-collins.biz,2,13
2964,Stephen Simon,cynthiahall@shea.com,2,26
2965,Danielle Dunn,wmiller@harris.com,1,37
2966,Mrs. Pamela Goodwin,phillipharrison@hotmail.com,3,40
2967,Christina Hughes,jessica41@baird.com,3,28
2968,Randy Robinson,adamhanson@miller.biz,2,35
2969,Jason Thomas,rachel58@jordan-jones.com,3,31
2970,Paul Lee,lkelley@hotmail.com,3,43
2971,Brian Rollins,samantha21@yahoo.com,2,34
2972,Brian Cervantes,robbinspamela@gmail.com,2,5
2973,Caleb Reynolds,emilyhester@gmail.com,2,28
2974,Nicholas Walker,daniellenguyen@li-hill.com,3,26
2975,Teresa Smith,fdavis@thompson.com,2,32
2976,Veronica Schultz,martha26@cabrera.net,3,50
2977,James Ewing,james75@wilson.org,1,43
2978,Curtis Villegas,brianaclark@hotmail.com,3,29
2979,Victor White,hornvictor@hotmail.com,2,12
2980,Denise Johnson,stacey33@hotmail.com,1,43
2981,Brian Simmons,boydleonard@morris.info,2,15
2982,Sarah Kim,kurtmcdaniel@perez.com,3,36
2983,Tammy Butler,gross@hart-wise.biz,3,50
2984,Elizabeth Reed,fordrobert@gmail.com,2,8
2985,Emily Richardson,ryancollins@hotmail.com,1,39
2986,Alexander Velez,louis46@yahoo.com,2,42
2987,Stacy Williams,adkinsmanuel@yahoo.com,2,46
2988,Daniel Underwood,carl20@hotmail.com,2,15
2989,Melissa Bonilla,whitestephanie@yahoo.com,2,41
2990,Emily Osborne,jenniferescobar@yahoo.com,1,36
2991,Renee Arellano,davidsonroberto@zamora-massey.biz,2,30
2992,Stephanie Hernandez,scott45@hubbard.org,3,43
2993,Heather Watts,jon91@patterson-vincent.com,1,8
2994,Terry Grant,wongbarbara@hotmail.com,3,39
2995,Nicole Case,juliemcguire@johnson-conrad.net,1,11
2996,Kenneth Campbell,angelaowen@gmail.com,1,48
2997,Christopher Garcia,luke04@pace.com,3,20
2998,Ms. Janice Boyd,gbecker@miller.com,3,48
2999,Gary Lane,jimenezderrick@yahoo.com,2,36
3000,Kenneth Santiago,xdavis@hotmail.com,3,17
3001,Lorraine Lewis,julieeaton@reed-parrish.com,2,23
3002,Denise Watkins,dsuarez@williamson.biz,1,35
3003,Mark Wade,raymondowens@lane.biz,1,25
3004,Amy Goodman,kwilson@silva.biz,3,3
3005,Linda Cook,kallen@yahoo.com,3,13
3006,Gabriel James,yharris@gmail.com,2,29
3007,Jonathon Wallace,kmcneil@harrison.net,1,43
3008,Aaron Duke,frankgina@martin.com,3,18
3009,Joel Charles,teresasanchez@jones-macias.com,1,15
3010,Anthony Thornton,jonathannelson@jones.com,2,8
3011,Diana Glover,anneking@yahoo.com,2,26
3012,Alexandra Jones,torresjustin@hotmail.com,2,47
3013,James Smith,alexander22@gmail.com,3,44
3014,Deborah Short,matthew30@yahoo.com,1,34
3015,Ashley Taylor PhD,jason56@hotmail.com,1,15
3016,Mrs. Alexandra Torres,steven18@stevenson.com,1,41
3017,Bonnie Bailey,jenniferdelacruz@yahoo.com,1,35
3018,Meghan Ward,williamsamanda@hotmail.com,3,31
3019,Robert Garza,andersonryan@miller.org,2,44
3020,Sherri Thompson,ochavez@gillespie.com,1,37
3021,Travis Austin,lstevens@travis.org,1,29
3022,Terry Hernandez,deannabrady@mcdowell-gibson.com,3,37
3023,Jennifer Young,ajohnson@brown.org,3,4
3024,Matthew Archer,millssherry@meadows-zamora.com,1,22
3025,Tommy Mcbride,clayton83@richards.com,3,36
3026,Madison Johnson,chambersbrian@hotmail.com,3,6
3027,Dillon Parks,brownrodney@hotmail.com,1,26
3028,James Jones,cjohnson@hamilton.net,2,38
3029,Tony Barrera,sarahtaylor@hotmail.com,1,27
3030,Samantha Guerrero,markbenitez@hotmail.com,3,26
3031,Amanda Clark,margaret99@marsh.com,1,48
3032,Suzanne Walter,yevans@yahoo.com,3,20
3033,Brian David,heatherhernandez@lee.net,2,44
3034,Michelle Stephens,peggy52@rose-byrd.net,1,43
3035,Laurie Brown,nicholasshaffer@wilson.com,2,2
3036,Jonathan Everett,mavery@yahoo.com,2,24
3037,Richard Knapp,john53@hotmail.com,1,16
3038,Andrea Webb,olivermichelle@yahoo.com,2,2
3039,Joshua Smith,stephanie41@gordon.com,3,42
3040,Candice Wong,cmalone@munoz-mcintyre.com,1,47
3041,Jennifer Gomez,timothy62@keller.com,3,25
3042,David Stone,evansjohn@fuentes-randall.com,1,16
3043,Dr. Andrew Waters,pstokes@yahoo.com,2,41
3044,Taylor Martin,flynnjeffrey@daniel.biz,3,10
3045,Ms. Kathryn Romero,samuel50@hotmail.com,2,15
3046,Zachary Jackson,qhurley@schroeder.org,1,12
3047,Donald Braun,philipschultz@hotmail.com,2,14
3048,Daniel Hodges,justinwhite@nielsen.com,2,40
3049,Brian Jackson,tmitchell@gmail.com,1,11
3050,Scott Jacobs,valentinejulie@yahoo.com,2,1
3051,Joshua Willis,dortiz@gmail.com,2,11
3052,David Summers,jonathan91@moore.com,3,12
3053,Susan Clark,freemandawn@kennedy-schmidt.biz,2,33
3054,Tammy Green,rogerclark@lambert.com,1,6
3055,Terry Watkins,rortiz@hotmail.com,1,8
3056,Emily Lang,vreynolds@yahoo.com,2,23
3057,Jason Bailey,myersshirley@conner-williams.info,3,36
3058,Vanessa King,kcarlson@yahoo.com,1,28
3059,John Webster,ywilkinson@gmail.com,1,13
3060,Brad Johnson,david16@lewis.com,1,34
3061,Alexander Griffith,kellyhayes@hotmail.com,3,4
3062,Jamie Walsh,wrowland@yahoo.com,2,39
3063,William Lee,carrieoliver@hotmail.com,1,41
3064,Grant Coffey,lindsaypatton@gmail.com,2,2
3065,Brandon Francis,lwoods@hotmail.com,2,40
3066,Kimberly Harrell,fwalker@porter-lee.org,2,21
3067,Deborah Gilbert,powellamber@woods-roberts.com,1,40
3068,Richard Simmons,clarkdonna@gmail.com,3,2
3069,Rachel Mcdonald,flowersmarcus@yahoo.com,2,42
3070,Anna Ingram,darylgreen@gmail.com,2,5
3071,Shelby Coleman,isaiahbaker@gmail.com,2,7
3072,Brianna Barker,carlmorgan@hotmail.com,1,45
3073,Keith Ruiz,jennifer24@lopez-burton.com,1,22
3074,Christine Jackson,aguilarsheena@yahoo.com,2,26
3075,Matthew Figueroa,gallagherkelly@wilson.com,1,39
3076,Tommy Gray,robertorice@hotmail.com,2,10
3077,Sean Ferrell,samanthajames@davis-huang.com,1,48
3078,Sarah Baker,ptaylor@logan.com,3,13
3079,Linda Simpson,shughes@yahoo.com,1,22
3080,Carrie Mullins,friedmanamy@warren-powell.info,2,40
3081,Robert Little,smithsharon@hotmail.com,3,40
3082,Henry Jacobs,thomasnicole@yahoo.com,2,8
3083,Gregory Love,patricia33@braun.org,3,24
3084,Brandon Proctor,bmosley@hotmail.com,1,26
3085,Curtis Tyler,bbowman@webb-odonnell.info,3,46
3086,Joseph Holt,wvasquez@gmail.com,2,26
3087,Arthur Rodriguez,smcbride@hotmail.com,1,15
3088,Jaclyn Conley,danielmiller@ferguson-ferguson.biz,3,12
3089,Matthew Hines,nicoleware@yahoo.com,2,31
3090,Adriana Taylor,johnsonchristopher@thompson.com,1,21
3091,Jill Taylor,michaelclark@hotmail.com,1,8
3092,Dawn Moody,guzmanchad@andrade.com,1,18
3093,Chelsea Robinson,campbelljennifer@yahoo.com,1,31
3094,Christopher Walters,anthonymcdonald@ramos.net,2,24
3095,Brittany Watkins,savagekaren@yahoo.com,1,41
3096,Amy Hood,kvega@hotmail.com,3,44
3097,Robert Williams,maxwellnguyen@hotmail.com,3,6
3098,Jeremy Perez,hoffmancarolyn@gmail.com,3,7
3099,Beth Harris,ellisbrandon@yahoo.com,2,29
3100,Ian Fernandez,avilahenry@gmail.com,2,13
3101,Michael Wood,raymondbradley@levine.com,3,41
3102,Janice Garrison,robert45@hotmail.com,1,38
3103,Edwin Clark,okelley@hotmail.com,1,49
3104,Leah Harvey,debra04@black-robertson.com,1,26
3105,Anthony Waller,tamara68@armstrong-duran.org,1,41
3106,Stephen Conner,jjimenez@hotmail.com,3,4
3107,Diane Smith,xschmidt@hotmail.com,3,42
3108,Linda Parker,davisstacey@thompson-oneill.com,1,24
3109,Lawrence Cunningham,taylorharry@martinez-nichols.org,2,49
3110,Paula Mack,qlopez@watson-hill.com,1,41
3111,Lori Lewis,matthewmiller@phillips.com,2,23
3112,Kevin Watts,williamcarrillo@hotmail.com,3,41
3113,Danielle Higgins,marybriggs@hotmail.com,3,45
3114,Priscilla Compton,rileymelissa@yahoo.com,3,3
3115,Steven Walton,thorntonkaren@hotmail.com,3,49
3116,Adam Pruitt,smithpaul@luna.net,1,30
3117,Elizabeth Gross,iboone@yahoo.com,2,31
3118,Steven Mcdowell,crystal75@yahoo.com,2,29
3119,Rebecca Taylor,hfitzgerald@carr.com,1,17
3120,Danielle Roth,kathleenwebb@smith.com,1,23
3121,Nicole Davis,timothysutton@gmail.com,1,17
3122,Kristie Clarke,kmartin@smith.com,3,1
3123,Sarah Collins,xkaiser@yahoo.com,1,19
3124,Tammy Hood,danasantana@mccormick-guerra.com,3,43
3125,Deanna Brown,davisashley@ferrell.com,2,21
3126,Gina Hernandez,parkamy@shepherd.com,1,49
3127,Melissa Goodman,brownkevin@nielsen-carter.net,2,23
3128,Kristen Martinez,mcline@yahoo.com,1,12
3129,Sandra Smith,allisoncain@hernandez-williams.biz,3,16
3130,Joseph Tyler,maryfisher@gmail.com,1,11
3131,Thomas Jackson,mollyleonard@chambers-frost.biz,3,8
3132,Stephen Gordon,bernardmcgee@lawrence.biz,1,20
3133,Anthony Dyer,zpatel@yahoo.com,1,20
3134,Curtis Davis,randallsonya@clark-cortez.com,2,6
3135,Karina Booth,larsonmonica@christian-lewis.info,1,17
3136,David Jackson,toddhooper@hotmail.com,2,4
3137,Donna Stein,pbarton@hotmail.com,3,1
3138,David Drake,sarah81@dixon.com,2,18
3139,Cody Castillo,jacksonjohn@gmail.com,2,39
3140,Matthew Williams,richardsonamanda@hotmail.com,1,27
3141,John Cole,bmeza@gmail.com,2,26
3142,Albert Joseph,james18@gmail.com,3,17
3143,Melanie Simpson,charles02@freeman.com,3,30
3144,Alexis Kim,crystalwright@acevedo-gray.net,2,5
3145,Denise Carter,kgraham@hill.com,2,36
3146,Dawn Arnold,nicholaswilliams@keller.com,3,1
3147,Kathleen Wolfe,christopherhoward@kelly.net,1,25
3148,Emily Solis,brandon79@tucker-horne.net,2,19
3149,George Thompson,nathancarney@gmail.com,3,13
3150,Michael Fisher,kgreen@yahoo.com,1,30
3151,Mary Clark,aliceleon@yahoo.com,2,28
3152,Brian Stephens,douglaschavez@hotmail.com,1,22
3153,Adam Ruiz,annette83@russell-ray.net,2,42
3154,Stacy Hernandez,jessicacooper@bruce.biz,2,17
3155,Daniel Thornton,knightmelissa@townsend.org,3,8
3156,Sara Hansen,smithnancy@gonzalez.com,2,8
3157,Jose Adams,angelakline@yahoo.com,1,35
3158,Madison Lopez,hamiltonhayley@gmail.com,3,28
3159,Gary Wheeler,edwinadams@yahoo.com,3,16
3160,Kevin Johnson,lauren03@yahoo.com,2,42
3161,Julie Watts,warrensabrina@gmail.com,1,15
3162,Daniel Evans,rfletcher@williamson-cooper.com,1,27
3163,Sarah Roberts,westrodney@walker.com,3,19
3164,Ann Vasquez,wandabooker@gmail.com,1,25
3165,Bethany Jordan,thomas71@yahoo.com,1,47
3166,Benjamin Adams,cthomas@gmail.com,1,21
3167,Jennifer Nash,caseyjones@pratt-adams.com,3,8
3168,Karl Johnson,stephanie04@yahoo.com,2,43
3169,Krista Hammond,kristen09@mays.biz,3,4
3170,Beth Norton,jessica28@yahoo.com,3,38
3171,Matthew Smith,saragonzalez@hotmail.com,1,21
3172,Rhonda Hall,lewiskim@hotmail.com,1,26
3173,John Bolton,lryan@yahoo.com,2,21
3174,Arthur Rogers,shannonhood@pearson.com,3,40
3175,Robert Morales,parker06@sloan-lee.info,3,49
3176,Eric Bradshaw,hallsusan@hotmail.com,3,17
3177,Henry Williams,mmadden@garcia.com,1,26
3178,David Williams,thomasbaldwin@ali.org,2,44
3179,Ms. Samantha Mccarty MD,pguerrero@hotmail.com,3,27
3180,Jerry Wells,robert19@yahoo.com,1,15
3181,Mark Mckay,emcknight@gmail.com,2,47
3182,Sheryl Thompson,npatterson@hotmail.com,1,20
3183,Tammy Colon,kevin53@parker.com,2,44
3184,Robert Byrd,danielbrown@osborne.com,1,5
3185,Brittany Cook,heatherortiz@bryant.info,3,8
3186,Joseph Maddox,ericsalazar@gmail.com,1,17
3187,Ariana Jones,caldwellsharon@jones.com,3,11
3188,Eric Hoffman,garciastephen@hotmail.com,1,33
3189,Crystal Lucero,jacqueline96@russell.com,1,9
3190,Julie Miller,melissa52@rojas.net,1,14
3191,Bradley Foster,poolelee@hensley.biz,3,20
3192,Laura Finley,andreawilson@yahoo.com,1,42
3193,Wanda Salinas,lisa22@farmer.com,2,30
3194,Russell Peck,jenniferjones@wilson-stokes.info,2,10
3195,Mr. Jason Morton,martha42@carter.com,1,42
3196,Tyler Johnson,charlesflores@king-smith.com,1,6
3197,Pamela Cuevas,jonathangardner@hotmail.com,1,27
3198,Carrie Lyons,chadmcneil@dixon.com,2,45
3199,Jerome Sweeney,amber49@tapia.org,2,42
3200,Noah Pratt,xhill@yahoo.com,3,20
3201,Daniel Byrd,hwelch@brown-thomas.com,2,49
3202,Rodney Brown,burkemelissa@gmail.com,1,7
3203,Anthony Rivera,adrianarobles@yahoo.com,1,5
3204,Abigail Dunn,barnettann@gmail.com,2,10
3205,Jennifer Mccall,inewton@yahoo.com,2,1
3206,Nicole Dyer,ostewart@cox-garner.com,2,27
3207,Thomas Figueroa,kimdonna@yahoo.com,2,22
3208,Laura Wyatt,mturner@gmail.com,3,42
3209,Caleb Brown,montgomerychristina@gmail.com,2,2
3210,James Alexander,richard66@gmail.com,3,7
3211,Antonio Moreno,badams@yahoo.com,2,18
3212,Allison Smith,harveysusan@yahoo.com,3,6
3213,Benjamin Hancock,chloejames@yahoo.com,1,2
3214,Bethany Meyers,jenniferclark@stein-roberts.com,1,24
3215,Brandon Lee,vicki35@estrada.com,2,3
3216,Michael Evans,uwashington@fox-rogers.com,3,7
3217,Brenda Neal,nicholas40@hale.net,1,2
3218,Trevor Ayala,thayes@yahoo.com,2,12
3219,Angela Jordan,ipowell@hotmail.com,1,25
3220,Jeffrey Ferguson,bjohnson@gmail.com,2,7
3221,Megan Schroeder,washingtonsusan@hotmail.com,3,43
3222,Jessica Lee,traviselliott@gmail.com,1,9
3223,Jennifer Wells,andreaharris@hotmail.com,3,47
3224,Ashley Woodward,dsmith@hotmail.com,2,28
3225,Miranda Haynes,cgonzalez@thompson-martin.com,3,40
3226,Bobby Hernandez,chelseahayes@gmail.com,1,48
3227,Michael Barber,bensonandrea@hotmail.com,1,1
3228,Heather Goodman,carrolljoshua@hotmail.com,2,34
3229,Ethan Wells,angelsloan@howe.com,1,42
3230,Lisa Dillon,matthewstewart@roy.org,2,2
3231,John Lambert,xgriffin@price.com,3,3
3232,Timothy Rhodes,oterry@jordan-hudson.org,3,18
3233,Ryan Erickson,gregory87@gmail.com,1,15
3234,Michael Morris IV,ahester@yahoo.com,1,44
3235,Lisa Buck,krystal80@yahoo.com,3,4
3236,Teresa Henderson,lisaperez@nelson-mcdonald.com,1,10
3237,Dawn Evans,walshnatalie@murphy.com,2,47
3238,Wesley Johnson,robertsdaniel@yahoo.com,3,32
3239,Michael Hicks,amandacrawford@gmail.com,1,5
3240,Danielle Phillips,nathanprice@woodward-ellis.info,3,8
3241,Karen Hurst,brandon16@yahoo.com,1,13
3242,Kelly Cox,melissa65@cruz.biz,2,23
3243,Grace Lam,seth86@bond-brown.com,1,18
3244,Lori Palmer,kevin70@bautista-wagner.net,1,5
3245,Cynthia York,emily87@yahoo.com,3,28
3246,Michelle Campbell,higginsamber@nichols.com,1,21
3247,Kathy Mccullough DDS,shelley20@hayes-dillon.com,1,8
3248,Jacob Mcpherson,mackenzie78@smith.net,3,40
3249,Juan Winters,zbyrd@yahoo.com,2,46
3250,Michael Mclaughlin,phillipsamanda@hotmail.com,3,28
3251,Nicole Munoz,matthewbarnett@gmail.com,2,20
3252,Amy Brown DVM,kayla38@wallace.org,1,7
3253,James Brown,xduncan@yahoo.com,2,3
3254,Philip Ramirez,ymurillo@saunders-foley.info,1,50
3255,Michael Gray,imarshall@warren.com,2,15
3256,Nancy Higgins MD,patrickwoods@salazar.com,2,4
3257,Samantha Baker,aaron50@gmail.com,2,8
3258,Jason Henson,frostjoseph@gmail.com,3,11
3259,Michele Walls,harrisjoseph@gmail.com,3,5
3260,Kristine Lee,mruiz@allison.biz,1,27
3261,Kimberly Foster,jennafoster@johnson-mendoza.info,2,18
3262,Mark Hernandez,rtaylor@yahoo.com,1,2
3263,Amy Walker,wwilliams@hotmail.com,1,21
3264,Melissa Jordan,toddholmes@greene.info,1,30
3265,Amanda Guzman,jessicawest@gmail.com,3,40
3266,Jessica Cunningham,pgonzalez@gmail.com,2,14
3267,Debbie Moreno,qdalton@bailey-cole.info,2,12
3268,Danielle Howe,garciajoyce@gmail.com,2,26
3269,Tyler Wilkins,savagelauren@stein.org,1,45
3270,Denise Frost,melanie47@burton-esparza.com,2,3
3271,Christopher Nelson,dylan11@smith.com,2,15
3272,Sharon Woods,christopherdavis@hotmail.com,1,19
3273,Ryan Pratt,robertsjennifer@goodwin-knight.net,3,48
3274,Jacqueline Mcdonald,garzajames@guerrero.com,2,11
3275,Lisa Castro,jamesmartinez@anderson-myers.info,2,12
3276,Timothy Stewart,jasminebrown@hotmail.com,1,36
3277,Brandon Gomez,alexa15@wright.net,2,34
3278,Jennifer Matthews,stacy31@yahoo.com,1,40
3279,Marcus White,shurley@yahoo.com,2,21
3280,Jennifer Curtis,thomas63@kramer-mccoy.com,3,49
3281,Richard Kelley,stephanie88@smith.com,3,44
3282,Judy Perkins,samuel48@gmail.com,3,25
3283,Angela Davis,sdiaz@yahoo.com,1,14
3284,Robert Hill,umartinez@gmail.com,1,29
3285,Joseph Spencer,gloria28@newman.biz,3,41
3286,Lynn Hoffman,kristen53@gmail.com,2,32
3287,Kelly Santos,whitneykatie@hotmail.com,3,23
3288,Kimberly Cooke,anna11@williams-hawkins.info,3,42
3289,Cassandra Moore,john56@johnson-dixon.com,1,48
3290,Laura Smith,perryjulia@yahoo.com,1,38
3291,Kevin Griffin,darrellhoward@yahoo.com,1,10
3292,Patrick Macias,rserrano@yahoo.com,3,18
3293,Heather Lindsey,sarahgray@yahoo.com,1,40
3294,Victoria Mahoney,traceymorrow@gmail.com,3,11
3295,Jason Rios,gabriel63@hotmail.com,1,42
3296,Suzanne Reed,jessicapeck@gmail.com,2,31
3297,Jessica Frederick,vasquezchase@hotmail.com,1,2
3298,Taylor Morris,fmartin@sullivan.com,1,24
3299,Adam Jenkins,vickigraves@wise.com,1,20
3300,Carol Smith,richard59@vaughn-shaw.info,2,47
3301,Candace Barber,jeremy62@yahoo.com,1,28
3302,Vanessa Hernandez,danamurray@poole-bird.com,3,31
3303,Andrew Romero,zacharylewis@hughes.com,1,39
3304,Andrew Evans,richard34@yahoo.com,1,50
3305,Jose Bonilla,copelandjohn@yahoo.com,3,41
3306,Leslie Gregory,felicia99@brooks.com,2,44
3307,Debbie Vega,brownjoseph@hayden.com,2,20
3308,Patrick Kim,gabriellashepard@shannon-roy.com,2,27
3309,Aaron Mills,renee43@gmail.com,2,6
3310,Veronica Woods,egreen@hotmail.com,1,33
3311,David Torres,william44@yahoo.com,2,25
3312,Norma Huffman,cdennis@gmail.com,3,41
3313,Cheryl Jones,caleb46@yahoo.com,3,45
3314,Jesse White,triciaholder@hotmail.com,1,48
3315,Laura Wilkins,petersonjaclyn@yahoo.com,2,28
3316,Zachary Myers,garciaethan@yahoo.com,2,44
3317,Brad Smith,justinpayne@hotmail.com,1,38
3318,Laura Hull,hoganjeffrey@cox.net,3,18
3319,Dylan Luna,townsendamanda@castillo.com,3,12
3320,Christopher Fisher,millerashley@yahoo.com,3,32
3321,Michele Hanson,walterswhitney@yahoo.com,1,29
3322,Bianca Phillips,paynegary@chung.info,1,45
3323,Tammy Davis,simmonsapril@brown.net,3,6
3324,Carrie Scott,kellymcintyre@mercer-miller.com,3,25
3325,Kayla Bailey,emilyserrano@martinez-rose.com,2,9
3326,Maxwell Gregory,jamesbautista@gmail.com,3,22
3327,Jocelyn Barrett,sethguzman@gonzalez.com,3,27
3328,Teresa Graham,danielgibbs@parker-cook.com,3,31
3329,Gabriela Ramirez,jonesrichard@yahoo.com,2,35
3330,Diane Lane,brownvincent@yahoo.com,3,49
3331,James Love,sarahreed@greer-walsh.biz,2,48
3332,Ashley Ortiz,daniel33@green.org,2,43
3333,Aaron Davis,justin06@jackson-nash.info,1,2
3334,Clayton Walker,tammy28@reynolds.biz,3,47
3335,Robert Griffith,ladams@williams-ross.info,2,41
3336,Julian Townsend,grogers@santiago.biz,1,1
3337,Erik Foster,spencerjessica@gmail.com,3,30
3338,John Le,stephaniewilliams@hotmail.com,1,3
3339,Marisa Bowen,qwagner@yahoo.com,2,18
3340,Travis Oliver,christopher96@hotmail.com,1,33
3341,Leah Contreras,judith57@smith-valencia.com,3,2
3342,Brian Thomas,xfleming@yahoo.com,2,8
3343,Kristen Castillo,johnnycooper@buchanan-ball.com,1,43
3344,Maria Haney,rebecca68@hotmail.com,1,43
3345,Jason Shelton,colemanjoshua@yahoo.com,1,3
3346,Katie Ritter,robertaguilar@fitzgerald.com,3,18
3347,James Woods,abigail15@williams.com,2,4
3348,Kristen Williams,kbrown@adams-wood.net,2,29
3349,Heidi Johnson,william69@gmail.com,2,2
3350,Kevin Walker,millererin@rocha.biz,1,27
3351,Mary Gilbert,anthony51@austin.net,2,18
3352,Julie Hendricks,xmiller@conrad.com,2,11
3353,James Brewer,sheltonjason@gmail.com,3,37
3354,Ashley Mcmillan,kennethpowell@fitzgerald.com,1,25
3355,Randy Carrillo,mitchellroger@hotmail.com,2,5
3356,Joshua Dunlap,karen86@gmail.com,1,36
3357,Eddie Zuniga,andrehernandez@montoya.com,1,25
3358,Steven Henry,mccarthykatie@carter.com,1,37
3359,Duane Colon,brandall@smith.com,1,20
3360,Joann Lopez,debbie34@curry.net,2,2
3361,Jennifer Webster,christopherhawkins@richards-king.com,3,5
3362,Nathaniel Johnson,wigginschristopher@fernandez.net,2,14
3363,Douglas Green,mauricenewton@nelson.com,3,30
3364,John Ellison,jeremyrichards@shah-king.net,1,50
3365,Brandon Wilson PhD,brucerangel@gmail.com,1,10
3366,Joshua Soto,fowlerrobert@hughes-robinson.info,1,11
3367,Nichole Tate,jacqueline77@vasquez.info,3,1
3368,Danielle Bryan,wkeller@thompson.com,3,27
3369,Jennifer Graham,victoriawright@chang.com,1,13
3370,Mackenzie Maynard,bellgary@todd.com,3,46
3371,Jason Thornton,hubbardjohn@miller.com,2,25
3372,Patrick Stephens,qsmith@hotmail.com,3,46
3373,Jill Harris,wfoster@morales.com,2,38
3374,Travis Wilkins,abutler@harvey.com,1,23
3375,Troy Solomon,mlawson@hotmail.com,1,50
3376,Jacob Anderson,michael60@gibson.com,3,32
3377,William Harper,fitzgeraldnancy@simmons-martinez.com,1,35
3378,William Gonzales,hannaholiver@collins.com,2,42
3379,Jason Grant,coxbrenda@cooper.com,1,4
3380,Karen Robinson,qchapman@gmail.com,1,8
3381,Ernest Long,pcrawford@hotmail.com,1,26
3382,Jacob Garcia,hbernard@carter-cox.com,1,17
3383,John Hart,janice44@burke.com,1,15
3384,David Erickson,garcialeslie@yahoo.com,3,39
3385,Bryan Decker,john63@hotmail.com,3,29
3386,Scott Payne,bradfordsteven@yahoo.com,2,14
3387,Joseph Smith,whitney47@craig.org,3,14
3388,Casey Powell,cwilliams@hotmail.com,1,44
3389,Scott Tyler,richardhenderson@yahoo.com,2,45
3390,Matthew Thompson,lori35@peterson.com,2,32
3391,Kyle King,williamglass@smith-gardner.com,1,34
3392,Felicia Horn,iburke@bell.com,1,7
3393,Kristina White,antonio70@adams.com,2,7
3394,Eric Blair,deborahchase@gmail.com,1,26
3395,Cynthia Warren,harrisonbrent@bartlett.biz,3,41
3396,Melody Richardson,bradydavid@collins-vaughn.info,3,15
3397,Stephanie Patel,martinezkimberly@booker.com,1,50
3398,Jessica Moore DDS,amywillis@wallace.com,2,28
3399,Carolyn Gonzales,dustinhill@beasley-holt.com,3,50
3400,Tina Mcfarland,ralphoneal@gmail.com,1,23
3401,Jeffrey Watson,laura44@suarez-crawford.net,1,43
3402,Jamie Hernandez,amanda16@yahoo.com,1,10
3403,Kathleen Knight,margaret00@yahoo.com,1,28
3404,Christopher Miller,marycrawford@davis-anderson.com,3,44
3405,Douglas Stevens,lunagregory@yahoo.com,3,4
3406,Clayton Hayes,ryansparks@hotmail.com,1,43
3407,Tyler Mata,xmiles@hotmail.com,3,5
3408,Phillip Mitchell,rogersnicole@norman.com,2,48
3409,Ashley Kennedy,wbest@cabrera.com,3,37
3410,Sean Cantrell,jyu@colon.com,1,40
3411,Jason Jacobs,ucollins@hotmail.com,2,16
3412,Jasmin Campbell,lesliephillips@gmail.com,3,27
3413,Rebecca Benton,clarkashley@moss-erickson.com,3,29
3414,Stacy Lewis,pughbrendan@garza.com,2,44
3415,Mark Harper,qgarcia@cooper.com,3,28
3416,Matthew Cruz,jeffrey29@allen-murray.info,1,7
3417,Michael Miller,linda11@hunt.com,3,37
3418,Brandon Benitez,jfrey@gmail.com,2,29
3419,Julie Williams,cookdavid@yahoo.com,3,25
3420,Donald Donovan,shannonadams@yahoo.com,3,38
3421,Mark Rice,tcunningham@gmail.com,1,33
3422,Regina Porter,gerald57@richardson.com,2,12
3423,Matthew Richard,lindsey38@jones.net,2,18
3424,Nicholas Welch,thooper@foster.com,1,20
3425,Jerry Avila,ashleyoliver@hotmail.com,1,30
3426,Sean Kennedy,sotoelizabeth@mason.com,1,10
3427,Belinda Mitchell,robertssteven@foster-delgado.org,2,6
3428,Matthew Bryant,scottshelby@strong.biz,1,36
3429,Virginia Jacobson,juliereyes@yahoo.com,1,11
3430,Michael Allen,jeffrey46@yahoo.com,2,39
3431,Joseph Stone,andersonashley@diaz.org,1,28
3432,Mr. Matthew Reynolds,umcdonald@hotmail.com,3,37
3433,Amanda Wu,pcarroll@yahoo.com,2,44
3434,Juan Sanchez,amcintosh@drake.com,2,13
3435,Jonathan Chambers,juliamoore@hotmail.com,3,43
3436,Lisa Scott,melissa32@hotmail.com,1,16
3437,Nicole Jones,natalie45@leblanc-gonzales.org,2,24
3438,Morgan Robinson,meghan67@edwards.com,3,47
3439,Katherine Kelly,kbrown@lozano.net,2,10
3440,Frederick Collins,vlang@gmail.com,1,16
3441,Kyle Hayes,william00@hayes.net,2,23
3442,Annette Powers,gardnernicholas@brown-jones.org,3,29
3443,Nicole White,apreston@yahoo.com,2,13
3444,Jon Miller,fandersen@flores.org,3,24
3445,Steven Jackson,porternatalie@hotmail.com,2,31
3446,Patrick Torres,careyjulia@hotmail.com,1,3
3447,Ruth Martinez,uhodge@yahoo.com,1,17
3448,Lisa Taylor,jason26@yahoo.com,3,44
3449,Brittany Lee,rbradley@reilly-atkins.biz,2,44
3450,Antonio Stanley,hhoffman@dixon-guzman.com,1,2
3451,Teresa Velez,johnsonvickie@moran.biz,2,47
3452,Alexander Smith,smoon@yahoo.com,1,41
3453,Bob Thomas,pamelamorris@gmail.com,1,18
3454,Michelle Kelly,katherine09@chavez-butler.com,1,37
3455,Patricia Fitzgerald,ibrown@clayton-baldwin.net,1,4
3456,Michael Anderson,wjones@lopez.com,2,28
3457,Tabitha Duncan,davissamantha@bond-ferguson.info,2,8
3458,Kendra Boyd,larrybruce@jones-gonzalez.com,2,14
3459,Henry Park,jonathanryan@hotmail.com,1,50
3460,Craig Stevens,justinanderson@hotmail.com,3,39
3461,Barbara Perez,brittanymyers@lewis.com,3,4
3462,Jacqueline Elliott,kylemurphy@gmail.com,2,24
3463,Raymond Allen,davidrios@ramsey-pratt.com,1,49
3464,Jessica Forbes,owensyolanda@yahoo.com,3,12
3465,Tony Williams,timothylamb@gmail.com,3,45
3466,James Sanders,smithmelanie@melendez.biz,2,49
3467,Deborah Pennington,qking@gmail.com,2,11
3468,Alyssa Acosta,andrew11@jackson-hall.com,3,15
3469,Ryan Norman,carrillorenee@adams-chavez.com,3,26
3470,Stacey Stone,robert63@yahoo.com,2,8
3471,Vickie Lawrence,mary29@gmail.com,2,34
3472,Jason Humphrey,leslie32@hotmail.com,1,29
3473,Diane Jones,eroberts@hotmail.com,1,33
3474,Dennis Mason,andrewmarquez@williams.com,2,44
3475,Stephen Lane,hamiltonjessica@bauer-fisher.info,2,46
3476,Meagan Wood,canderson@hotmail.com,3,48
3477,Kelly Smith,gregory10@yahoo.com,3,7
3478,Elizabeth Cox,louis98@wise-hayes.com,1,41
3479,Joseph Mendez,jpeterson@yahoo.com,2,7
3480,Justin Martinez,icox@clark-martinez.com,3,41
3481,Amy Hale,lauren38@hotmail.com,3,8
3482,Michael Simpson,carlos79@craig.com,2,42
3483,Luke Meyer,sandra97@clark.info,3,24
3484,Sally Barrera,tammieayala@gmail.com,1,35
3485,Mary Ellis,jeffrey47@jackson.com,2,39
3486,Nicole Glenn,iross@yahoo.com,2,34
3487,Andrew Hamilton,ashley33@hotmail.com,3,26
3488,Eric Adams,bhill@washington-stark.com,2,38
3489,Jeff Williams,pearsonlisa@gmail.com,1,8
3490,Joshua Holmes,amy39@yahoo.com,1,47
3491,Matthew Williams,wallalexis@gmail.com,3,6
3492,James Hall,caseamy@gmail.com,1,48
3493,Christy Moore,pmorris@miller-cunningham.com,2,21
3494,Michael Hood,kjohnson@winters.com,1,7
3495,Amanda Meza,bdaugherty@smith.com,2,28
3496,Henry Davis,jose73@maddox.com,1,21
3497,Michael Fisher,jamessalinas@lopez-garcia.net,1,3
3498,Juan Nunez,elliottdavid@young.com,3,47
3499,Justin Pitts,emilylivingston@yahoo.com,3,14
3500,Ian Duffy,cranekimberly@harvey.net,1,25
3501,Jennifer Brown,xeverett@yahoo.com,2,13
3502,Terry Jackson,jennifer94@johnston-freeman.info,3,26
3503,Sherry Jackson,stephaniesutton@ray.org,3,45
3504,Jennifer Ellison,cynthia94@yahoo.com,2,29
3505,Laura Dillon,bradleyroger@hotmail.com,2,24
3506,Kristina Bentley,michaelarellano@hernandez.com,2,42
3507,Duane Pena,qhickman@watson-duran.com,3,2
3508,Matthew Patton,kennethperez@hotmail.com,2,22
3509,Joseph Watson,padillamatthew@gmail.com,2,35
3510,Stefanie Santos,brandongill@gmail.com,1,5
3511,Joann Simon,bconway@yahoo.com,3,21
3512,Theresa Dudley,nicole19@carr-ellis.com,2,19
3513,Brian Morgan,groberts@yahoo.com,1,6
3514,John Herrera,crawfordcheryl@foster.com,2,24
3515,Mary Johnson,blackkimberly@cox.com,1,32
3516,James Wilson,sanchezkatie@gmail.com,2,43
3517,Robert Fowler,christopherestrada@smith.org,1,16
3518,Rachel Campbell,sherry14@bates-herring.com,2,45
3519,Renee Miller,brandonrodriguez@soto.org,1,43
3520,Elizabeth Garcia,cynthiareyes@hotmail.com,1,34
3521,Ashley Walton,toddpierce@hotmail.com,2,1
3522,Nicholas Miller,rallen@gmail.com,2,2
3523,Jesus Rosales,crodriguez@harris.com,1,18
3524,Jessica Neal,steven69@webster.com,2,36
3525,Ryan Wise,jameschapman@pierce.com,2,12
3526,Olivia Norman,kellerkevin@gmail.com,3,26
3527,Adriana Johnson,smithrichard@hotmail.com,3,3
3528,Jimmy Howard,thomaskimberly@jones-stevens.net,3,37
3529,Maria Cabrera,whitneyfoster@yahoo.com,1,37
3530,Bailey Jordan,andrewslisa@yahoo.com,3,16
3531,Lydia Price,qzavala@yahoo.com,1,24
3532,Crystal Baker,cmorrison@hotmail.com,2,20
3533,Brittany Lopez,paul20@rodriguez.com,3,2
3534,Jillian Miller,jkelly@patterson.info,2,1
3535,Jennifer Robinson,millernichole@ruiz-grant.com,1,50
3536,Marcus House,woodardriley@yahoo.com,3,18
4983,Emily Murray,emigarcia@gmail.com,1,49
3538,Keith Rose,isabellapeters@tapia.com,1,25
3539,Danielle Williams,robertstimothy@yahoo.com,3,31
3540,Nicholas Lowe,alexander41@winters.com,1,48
3541,Paula Bowers,rodriguezkathleen@hotmail.com,3,29
3542,Douglas Molina,karen01@matthews.info,3,47
3543,Janice Henry,tami68@diaz.com,2,8
3544,Scott Morse,zmayer@yahoo.com,1,20
3545,Jacqueline Floyd,howardvincent@gonzales-bradley.info,3,33
3546,Charles Wall,adamhoward@hotmail.com,2,47
3547,Samantha Allen,grossrebecca@gmail.com,1,15
3548,Danielle Hahn,jillianpatton@hotmail.com,2,47
3549,Wendy Richardson,johnsonmichael@price.com,1,27
3550,Kelly Salas,williamhanson@levy.org,2,7
3551,Felicia Yoder DDS,joshuatanner@nelson.com,3,45
3552,Stephanie Atkins,rfuller@yahoo.com,1,22
3553,Ryan Davis,allenheath@knapp.info,2,18
3554,Donna Quinn,ascott@brown.com,1,2
3555,Barbara King,pauladavid@yahoo.com,3,9
3556,Amber Martinez,rachel31@thomas.net,2,40
3557,Jessica Waters,todd39@hotmail.com,1,11
3558,Jesus West,fcook@fisher.org,2,38
3559,John Diaz,tammygoodwin@singh.net,2,47
3560,Kenneth Randolph,elizabeth48@glass.com,3,28
3561,James Odom,david71@allen.com,2,11
3562,Amanda Garcia,ocole@yahoo.com,1,47
3563,Amy Salazar,prattstephen@gmail.com,2,33
3564,Amanda Brown,stevenjones@nicholson.info,1,15
3565,Christopher Cabrera,sstein@gmail.com,1,7
3566,Jill Castro,lindamills@munoz.biz,2,45
3567,Matthew Clark,jennifermcdonald@yahoo.com,1,23
3568,Lauren Collins,cstone@yahoo.com,1,38
3569,Connie Wilkerson,ecohen@mcdaniel-gibbs.com,2,43
3570,Angela Young,pittsbonnie@hotmail.com,3,50
3571,David Brown,fblack@yahoo.com,2,48
3572,Lori Myers,jerrycolon@johnson.biz,3,37
3573,Donna Baxter,christinadaniels@yahoo.com,2,20
3574,Jenny Huffman PhD,juanstewart@gmail.com,1,31
3575,Micheal Kemp,wlewis@yahoo.com,1,15
3576,Melanie Morris,melaniesmith@andersen.net,2,14
3577,Michael Brown,courtney07@hotmail.com,2,44
3578,Faith Johnson,fergusondesiree@yahoo.com,2,42
3579,Jeremiah Anderson,dunnmorgan@smith.biz,2,11
3580,Amanda Horton,charles50@wolf.info,3,6
3581,Lauren Middleton,stephanie74@holt.com,2,32
3582,Samantha Petty,johncurry@stewart.com,3,12
3583,Matthew Woods,maynardlee@hotmail.com,2,10
3584,Jennifer Ellis,amy42@goodman.com,3,41
3585,Daniel Archer,petersonamy@humphrey.com,2,25
3586,Hunter Brown,mikeharris@williamson-sanders.info,2,48
3587,Patrick Ford,randall26@taylor-norton.net,2,41
3588,Joseph Gibbs,jennifer99@garcia.info,1,15
3589,Kelli Mora,maryjones@anthony-chambers.com,1,34
3590,Sean Stephens,jason43@yahoo.com,2,11
3591,Paula Shields,rebecca04@martinez-lee.com,1,33
3592,Erin Velasquez,matthew70@gmail.com,2,1
3593,Brad Morgan,martincorey@henderson-hernandez.com,2,28
3594,Michael Guzman,scottsteele@glass.net,1,19
3595,Samantha Jones,mauricehines@humphrey-butler.com,2,4
3596,April Nelson,ihess@delgado-riley.biz,1,43
3597,Heather Atkins,mcculloughamanda@peterson-martin.com,3,49
3598,Alan Medina,martinkevin@phelps.com,3,18
3599,David Vargas,garciajessica@hotmail.com,3,42
3600,Sara Walker,wolflauren@wilson-kelly.com,2,11
3601,Michelle Lopez,jenniferclark@yahoo.com,3,34
3602,Mary Morris,changkelly@landry-decker.com,3,10
3603,Mr. Jay Mcneil III,laurasimon@yahoo.com,1,42
3604,Benjamin Walker,carterwilliam@price.net,2,22
3605,John Day,monroemichelle@solis.com,2,42
3606,David Carter,jennifergriffin@werner-martin.com,3,34
3607,Daniel White,dmartin@andrews.com,3,47
3608,Brittany Martinez,chrisrodriguez@morales.com,1,49
3609,Eric Wright,lisa42@gmail.com,3,46
3610,Adam Wilson,jenniferlittle@hotmail.com,1,38
3611,Kristin Barry,morganangela@davis-swanson.biz,2,44
3612,Debbie Gutierrez,frankblackwell@gmail.com,3,12
3613,Kelly Thompson,srichards@yahoo.com,3,30
3614,Sean George,blanchardjackson@yahoo.com,2,26
3615,Ronald Zhang,tonya46@yahoo.com,1,23
3616,Tanya Pratt,colonlisa@yahoo.com,2,22
3617,Jeffrey Martinez,kennethford@gmail.com,1,20
3618,Cheyenne Forbes,freynolds@hotmail.com,1,25
3619,Christopher Murray,xjohnson@fritz-dorsey.biz,3,26
3620,Mary Rich,bobbychen@lee.net,3,3
3621,Meredith Garcia,brianibarra@clark-pittman.com,3,41
3622,James Stein,john75@olson.com,2,2
3623,Cory Evans,lisajackson@yahoo.com,3,17
3624,Kaylee Michael,bruceheather@barrett.net,1,4
3625,Jamie Reynolds,ielliott@yahoo.com,2,10
3626,Nathaniel Wu,villaamanda@morris.com,3,12
3627,Mrs. Jacqueline Heath,lisa37@cruz-spencer.com,1,11
3628,Donald Jones,ocalderon@ray.com,1,16
3629,Walter Allen,jburns@hotmail.com,2,21
3630,Miss Gloria Burnett,amberblankenship@walker.com,3,40
3631,Charlotte Ryan,jennifercollins@patton.org,2,43
3632,John Hanson,boltonkristy@smith.com,1,15
3633,Luke Martinez,tpowell@yahoo.com,2,33
3634,Kimberly Clark,brendagarcia@andrews-dean.com,3,40
3635,Jessica Wilkins,tiffany68@bowman.com,3,29
3636,Kristen Wallace,ucastillo@mitchell.net,1,25
3637,Briana Duncan,tinadennis@gmail.com,3,25
3638,Julia Griffin,fross@yahoo.com,3,19
3639,Brittany Myers,richard69@cisneros.org,1,9
3640,Francisco Li,kingtonya@wilson.com,2,7
3641,Kaitlyn Black,karenjimenez@nash-ross.com,1,27
3642,Brenda Cooper,davidschwartz@wagner.net,2,39
3643,Deborah Ponce,billy78@ferguson.org,2,10
3644,Karen Edwards,amy21@yahoo.com,3,48
3645,Christopher Mendoza,kevin73@edwards.com,1,6
3646,Nicholas Rhodes,jeffrey75@yahoo.com,1,27
3647,Sierra Waters,linda87@ritter.info,3,40
3648,Dennis Perez,zavalaadrian@hotmail.com,1,11
3649,Melissa Cannon,gthompson@hunter-phillips.org,3,48
3650,Madeline Wolfe,bortiz@hotmail.com,2,1
3651,Kyle Simmons,careyjustin@vaughan.com,1,30
3652,Steven Garcia,morrismichael@gmail.com,1,31
3653,Patricia Lee,jacob29@brown.com,2,22
3654,Jacqueline White,dennis16@roberts-graham.net,3,42
3655,Timothy Gay,jonesleonard@yahoo.com,3,20
3656,Sandra Sanders,mcgrathwilliam@hotmail.com,2,48
3657,Barbara Marshall,rwhite@hotmail.com,2,49
3658,Sandra Weaver,jamesarmstrong@yahoo.com,3,31
3659,Casey Brown,murphyannette@barnes.com,3,25
3660,Jason Mueller,ashleybuckley@gmail.com,1,10
3661,Kristen Oneill,michelle36@yahoo.com,3,26
3662,Melissa Gonzales,markshaw@yahoo.com,2,7
3663,Jamie Green,anthony93@boyd.com,3,35
3664,Bridget Keith,gnguyen@hotmail.com,1,46
3665,Thomas Anderson,annagregory@christian-richmond.com,3,43
3666,Megan Green,phyllismullins@rose.info,1,44
3667,Mrs. Debbie Osborn MD,dcrane@eaton-johnson.com,1,9
3668,James Miles,hernandezmary@vazquez.biz,2,5
3669,Nathan Harris,david56@yahoo.com,2,21
3670,Ryan Hughes,barrymoyer@hotmail.com,1,8
3671,Melinda Smith,milleremma@arnold.com,1,15
3672,Veronica Jackson,rioscrystal@miller-myers.com,3,10
3673,Joseph Hawkins,lferguson@myers.com,3,22
3674,William Olson,smithmorgan@yahoo.com,3,3
3675,Whitney Fitzpatrick,joe55@gmail.com,3,8
3676,Jamie Alexander,hhuff@yahoo.com,2,47
3677,Amy Howard,troybutler@gmail.com,3,33
3678,Elizabeth Giles,mmccall@yahoo.com,1,21
3679,Matthew Carney,mmartin@lee-brock.com,3,24
3680,Bradley Clark DDS,cory83@hotmail.com,3,34
3681,Marcia Olson,riley79@golden.com,1,47
3682,Lynn Lynch,thunt@ramsey.com,3,10
3683,Donna Duran,vernon66@long.biz,1,30
3684,Lynn York,johnsonkatie@bass.org,1,2
3685,Stacy Castillo,ryannguyen@morrison-franklin.net,3,31
3686,Jacob Stevens,vmiller@yahoo.com,1,45
3687,Laura Patterson,wallacejasmine@garza-pope.com,3,6
3688,Kurt Hale,ballkenneth@yahoo.com,3,23
3689,Abigail Morrison,jason24@wall-smith.net,1,50
3690,Dawn Smith,harrissheri@gmail.com,2,16
3691,Christopher Davies,michaelaayala@yahoo.com,2,8
3692,Melinda Nicholson,paulaarmstrong@west-stevens.biz,3,26
3693,James Johnston,nicolejacobs@gmail.com,3,13
3694,John Edwards,christopher73@barrera.biz,2,10
3695,Steven Brown,jamesrichards@woodard.net,2,45
3696,Timothy Davis,vsmith@gmail.com,3,44
3697,Katherine Smith MD,nkim@morrison-stewart.biz,2,4
3698,Richard Jones,daniel48@hotmail.com,1,44
3699,Leslie Carter,vprince@miller.com,2,31
3700,Christy Montgomery,eric02@tran-wilson.com,3,2
3701,Joyce James,francisco02@yahoo.com,1,28
3702,Juan Mcguire,melissabenitez@waters-carey.com,1,44
3703,Katherine Baker,john71@bates.com,3,3
3704,Bryan Scott,jacob19@gmail.com,3,50
3705,Matthew Smith,michelleharris@hotmail.com,2,10
3706,Janet Rice,medinatravis@yahoo.com,1,13
3707,Alicia Kidd,ellisalexis@washington-kelly.info,1,24
3708,Thomas Johnson,chad44@gmail.com,3,38
3709,Allison Griffin,michaelhull@lee.com,1,48
3710,Kimberly Morales,laurenlarson@gmail.com,1,25
3711,Daniel Ford,eric69@coleman.info,3,30
3712,Derrick Ross,ylogan@yahoo.com,2,48
3713,David Mitchell,ycampbell@yahoo.com,2,43
3714,Krista Morales,andrewsanders@hotmail.com,3,30
3715,Christian Cook,khernandez@parker-perry.net,2,28
3716,Shannon Lewis,willisjerome@montgomery.com,1,31
3717,Larry Thomas,amiller@yahoo.com,1,1
3718,Whitney Alvarez,kylethomas@yahoo.com,2,34
3719,Jose David,wongscott@baldwin.com,1,7
3720,Joshua Washington,sharongriffith@wang-porter.info,1,13
3721,Rebecca Wright MD,melissasantos@sanchez.info,1,25
3722,Jessica Wilson,wroberts@gmail.com,3,47
3723,Maria Simmons,mcconnellkathy@miller.org,3,47
3724,Angel Elliott,riversrenee@yahoo.com,1,5
3725,Danielle Lyons,lkennedy@hotmail.com,2,46
3726,Sabrina Carr,karabrown@yahoo.com,2,2
3727,Sarah Castaneda,peterdavila@yahoo.com,1,21
3728,Abigail Garcia,rachel44@moore.info,3,24
3729,Jennifer Krueger,shirley84@foster-santiago.biz,2,27
3730,Jennifer Wiley,mariegray@proctor-johnson.org,3,4
3731,Meagan Moore,camposcrystal@gmail.com,1,9
3732,Alan Morgan,danielmiller@roberts-boone.com,1,20
3733,Michael Lawson,annettereyes@yahoo.com,3,13
3734,James Mccarthy,jenniferanderson@fisher-burch.com,2,16
3735,Lee Barnes,angela46@gmail.com,3,27
3736,Thomas Johnson,savagesarah@green-jackson.com,2,3
3737,Lindsey Hartman,myork@mason.info,2,36
3738,Brian Herrera,jillharper@yahoo.com,3,12
3739,Brett Jones,alexandrawells@barton-daniels.com,2,25
3740,Mandy Robbins,jharvey@cantrell.com,1,32
3741,Kimberly Anderson,vchavez@thomas.net,2,21
3742,Brittany Stevenson,kathy27@wallace-hardin.com,3,18
3743,Stacy Adams,paula62@hotmail.com,2,43
3744,Charles Marshall,smithmargaret@gmail.com,2,33
3745,Denise Roth,staceycherry@holmes-mcdaniel.net,2,19
3746,Michael Williams,matthewoliver@yahoo.com,2,17
3747,Jessica Franco,berrykenneth@roth-miller.info,1,41
3748,Casey Harris,qschmidt@hunter.net,2,2
3749,Rachel Sims,kwillis@trevino.com,2,36
3750,Charles Taylor,kathleenflores@yahoo.com,1,12
3751,James Villa,williskaitlin@robinson.info,1,3
3752,Caroline Charles,colekyle@crosby.com,1,2
3753,Sarah Graham,vblackwell@sullivan-snyder.com,1,13
3754,Jacqueline Knight DDS,patrick26@yoder-williams.biz,2,2
3755,Alexander Potter,erin27@hotmail.com,2,17
3756,Valerie Mcdaniel,alexanderchristian@robinson.com,2,26
3757,Carmen Parker,matthewsshannon@yahoo.com,2,43
3758,Stephanie Tucker,nchoi@hotmail.com,2,39
3759,Cody Cruz,hescobar@ewing.com,1,47
3760,Katherine Jackson,cjohnson@hotmail.com,2,29
3761,Alyssa Burke,loganwoods@brown.com,1,1
3762,Mr. Joshua Williams Jr.,james63@compton.com,1,14
3763,Jodi Jones,rowepaula@tucker-todd.org,3,36
3764,Michael Johnson,vanessa45@hotmail.com,3,26
3765,Cody Blankenship,benjaminjimenez@hotmail.com,1,1
3766,Joseph Sanders,alyssahoffman@hotmail.com,2,44
3767,Jonathan Richards,scottroberts@curtis.net,3,35
3768,April Browning,montoyatony@hotmail.com,2,3
3769,Suzanne Page,uwashington@jacobs-mitchell.info,1,9
3770,Willie Clark,dianaoneal@gmail.com,1,18
3771,Bradley Smith,hobbstheresa@gmail.com,2,9
3772,Blake Taylor,andre51@gmail.com,1,13
3773,Christina Pearson,sduran@rose.org,1,38
3774,Patricia Gutierrez,ymckinney@hill.info,1,2
3775,Richard Porter,williamsandrew@lopez.net,3,3
3776,Blake Gutierrez,krystalevans@gmail.com,3,6
3777,David Esparza,anthony74@gmail.com,3,40
3778,Adam Meyers,robertsonmeredith@gmail.com,3,14
2490,Michael Nguyen,mnimiller@hotmail.com,3,45
3780,Nicole Aguirre,lespinoza@houston.biz,3,10
3781,Amy Moore,xtrujillo@hotmail.com,1,15
3782,Jacqueline Armstrong,tmcmillan@hotmail.com,3,11
3783,Russell Walters,elizabeth37@williams.com,1,20
3784,April Kelly,monica85@harding-watson.org,1,4
3785,Chris Harvey,tcarr@martin.com,1,32
3786,Steven Shelton,ebony59@gmail.com,3,8
3787,Lori Figueroa,joelnichols@yahoo.com,1,19
3788,Tracy Kennedy,lacey55@hotmail.com,2,12
3789,Amy Carr,davemorgan@gmail.com,1,25
3790,Nicole Flores,savannah62@hotmail.com,3,50
3791,John Brown,curtismartin@olsen.com,2,11
3792,Michael Gonzalez,donna47@hotmail.com,3,18
3793,Ricky Sanchez,annamadden@yahoo.com,1,3
3794,Kyle Johnston,amy81@gmail.com,2,11
3795,Marisa Ellison,estradaelizabeth@yahoo.com,1,46
3796,Troy White,williamsnicole@gmail.com,1,33
3797,Adam Douglas,kristen36@erickson.net,2,34
3798,Jared Edwards,woodsdavid@fleming.info,1,5
3799,Steven Zimmerman,judy25@davidson.org,1,9
3800,Ronald Kim,jeffreyholden@matthews.info,1,21
3801,Ellen Lopez,angel58@arnold.com,3,10
3802,Kimberly Hale,martinbell@hotmail.com,1,49
3803,Matthew Brown,cooperlauren@yahoo.com,2,48
3804,Christopher Jennings,kwaters@hotmail.com,1,29
3805,Kathryn Townsend,trosario@yahoo.com,3,1
3806,Christopher Mitchell Jr.,aguilarlinda@yahoo.com,3,38
3807,Joseph Anderson,salinasangelica@conner.com,2,9
3808,Lee Lopez,jenny86@mueller-jones.com,2,50
3809,Randall Pacheco,matthewmorales@tyler.net,2,20
3810,John Logan,carriehunter@crane.com,2,2
3811,Rebecca Henderson,tcole@smith.net,2,14
3812,Lori Mcbride,xaustin@yahoo.com,3,10
3813,Paul Leach,james75@cook-clark.info,1,26
3814,Denise Swanson,taylormelissa@johnson-mitchell.com,3,19
3815,Dr. Linda Pope,beth07@hicks.com,3,32
3816,Francisco Stevenson,floresjeffrey@thomas.com,3,11
3817,Tyler Carpenter,vsalazar@hotmail.com,2,22
3818,Natalie Clark,rholland@macdonald.biz,1,41
3819,Kevin Cummings,brandytaylor@king-torres.com,3,2
3820,John Eaton,bailey24@hotmail.com,3,39
3821,Jennifer Paul,bgoodwin@johnson-irwin.net,3,3
3822,Sean Allen,alicia13@hotmail.com,3,46
3823,Michele Reynolds,brandonhernandez@gmail.com,3,32
3824,Kimberly Blackburn,conradjared@gmail.com,1,4
3825,Connor Thompson,toddsanchez@yahoo.com,2,10
3826,Crystal Page,ramosbrian@hotmail.com,2,33
3827,Nicholas Nguyen,zrowland@gmail.com,3,10
3828,Steven Edwards,bweiss@yahoo.com,1,7
3829,Colin Baker,nicolefritz@thompson-lynch.com,2,38
3830,Hayden Jackson,christinescott@beck-long.com,2,34
3831,Mark Marquez,gregory99@kim-watson.com,1,19
3832,Ryan Bailey,marissa92@taylor.com,1,49
3833,Robert Jones,robinsonwendy@roberts-flores.org,1,49
3834,Justin Lam,mitchellgina@gmail.com,1,31
3835,William Sparks,kurtfritz@bradshaw-vega.com,2,33
3836,Shari Moore,richardmorales@yahoo.com,3,25
3837,Natasha Jenkins,deanhodges@hess-pitts.biz,3,30
3838,Matthew Thomas,elizabethdelgado@yahoo.com,2,11
3839,Jeffrey Mills,sanchezgabrielle@cruz.com,1,17
3840,Richard Franklin,allenmary@gmail.com,3,20
3841,Allison Roberts,kelsey69@gmail.com,3,17
3842,Martha Chen,jacobmorris@miller.com,2,19
3843,Jill Brooks,tammygrimes@yahoo.com,1,14
3844,Debbie Rogers,moorejerome@hotmail.com,2,29
3845,Brett Ross,xmccullough@rodriguez.org,3,2
3846,Noah Williams,vanceantonio@gmail.com,1,46
3847,Whitney Davis,cassiecruz@ball.com,2,35
3848,Theresa Harris,smithderrick@andrade.net,1,38
3849,Donald Sanchez,elizabeth96@hotmail.com,3,45
3850,Robert Bean,paulnguyen@gmail.com,3,23
3851,Shane Nelson,johnwilliams@coffey.com,1,32
3852,Sarah Edwards,devongamble@hotmail.com,1,7
3853,Dr. Charles Sweeney II,parkerjames@hotmail.com,2,50
3854,Daniel Douglas,brentrobinson@hotmail.com,2,8
3855,Fred George,dgarcia@lopez-ross.com,2,16
3856,Joanna Michael,wtorres@yahoo.com,2,23
3857,Jacqueline King,elam@burgess.org,3,10
3858,Crystal Harris,stacycole@gmail.com,2,9
3859,Heather Hurst,robertskaren@yahoo.com,2,7
3860,Aaron Young,tylergarcia@hall-garrett.com,2,20
3861,Kristi Myers,kruegerkristine@yahoo.com,3,41
3862,Lisa Farmer,williamsjeffrey@gmail.com,3,17
3863,Devin Lester,thomas76@donaldson-hampton.com,3,30
3864,Stacy Harvey,toddwheeler@hancock.net,1,46
3865,Michael Walters,fgarza@bell.com,1,7
3866,Kathryn Chang,glarsen@hotmail.com,1,3
3867,Nancy Daniel,melissa86@morris.org,3,10
3779,Kristina Hall,khimiller@hotmail.com,2,43
3869,Andrew Matthews,elizabeth74@garcia-garcia.com,2,33
3870,Robert White,rossadriana@hotmail.com,1,47
3871,Felicia Prince,cannonregina@hotmail.com,2,21
3872,Shelly Ray,jmartinez@obrien-mueller.com,1,27
3873,Courtney Diaz,tlambert@blake.com,1,16
3874,Courtney Davis,alyssa10@adams.com,1,15
3875,Leonard Arnold,dennisyoung@evans.com,3,49
3876,Mr. David Ramsey,wjones@gmail.com,2,43
3877,Theresa Larson,gneal@hotmail.com,2,35
3878,Patricia Mason,yraymond@hotmail.com,3,8
3879,Julie Russell,qwoodard@gmail.com,2,9
3880,Whitney Waters,sara17@perez-woods.com,2,23
3881,Becky Mullen,njones@hotmail.com,2,9
3882,David Moran,fluna@gmail.com,3,36
3883,Katherine Dickson,dixonjose@gmail.com,2,18
3884,Jody White,marcus41@gmail.com,2,15
3885,Lorraine Mckenzie,cindyphillips@anderson-duncan.biz,1,42
3886,Samantha Ruiz,obarnes@gmail.com,1,43
3887,Destiny Wong,omartin@yahoo.com,3,47
3888,Kelly Morales,smithdaniel@delgado.com,1,31
3889,Shannon Brown,starksean@brown.com,3,32
3890,Laura Thomas,lihenry@obrien.info,2,13
3891,Tyler Kelley,jasonjohnson@maldonado.com,3,23
3892,Elizabeth Daniels,patriciareeves@petersen-marshall.biz,3,40
3893,Leah Alexander,pray@hayes.com,1,9
3894,Donna Reynolds,williamsgary@gmail.com,2,16
3895,Daniel Gomez,valeriecase@smith.biz,3,9
3896,Patricia Vaughn,nicolebrewer@yahoo.com,2,42
3897,Timothy Watson,laurenjames@gmail.com,2,1
3898,Tracy Colon,sfields@lane-colon.com,2,42
3899,Crystal Young,mcdonaldashley@gmail.com,3,40
3900,Robert Monroe,bob81@yahoo.com,2,3
3901,Monica Murray,sarahjones@brown.com,3,13
3902,Kathy Jones,richard46@gmail.com,1,16
3903,Henry James,epratt@jordan-hughes.com,2,43
3904,Jaclyn Ruiz,fheath@hotmail.com,3,33
3905,Deborah Williams,selenalewis@foster.com,1,41
3906,Mr. Bryan Meyer,andrewkim@hotmail.com,3,38
3907,Yolanda Kirk,robert97@joyce-acevedo.net,3,14
3908,Robert Harvey,huffjennifer@collins.com,3,16
3909,Johnny Collins,edward37@johnson.com,3,9
3910,Melissa Harris,fwebb@day.com,2,49
3911,Leslie Sanchez,michaelking@howard.com,1,16
3912,Monica Harris,joseph53@morales.com,2,20
3913,Matthew Duncan,lisamunoz@brown.info,2,22
3914,Jason Rodriguez,fdean@tran-lee.com,1,5
3915,Nicole Ford,brenda12@turner.info,3,34
3916,Jennifer Ramirez,juliesalazar@page.org,3,6
3917,Holly Stanley,elizabethrasmussen@lowe.com,3,48
3918,Stephanie Adams,timothy21@carroll.com,3,43
3919,Scott Velasquez,kellyortiz@taylor.com,2,48
3920,Cody Leon,uharmon@hotmail.com,2,15
3921,Francisco Evans,sarah15@gmail.com,3,31
3922,Jesse Rubio,williamnelson@henderson-allen.biz,3,44
3923,Luis Sanchez,davismichael@yahoo.com,2,50
3924,Jeffery Munoz,priscilla70@yahoo.com,2,8
3925,Gabriel Pugh,alexander06@atkinson.net,2,3
3926,John Miller,qmejia@gmail.com,1,47
3927,Angela Morgan,hbell@meyer.net,2,1
3928,Alexis Buck,cthompson@schwartz-newton.com,1,22
3929,Stephanie Moore,jcurry@shannon-kennedy.com,1,24
3930,Susan Rivera,kennethmcknight@gmail.com,3,48
3931,Max Hamilton,kimberlyjefferson@gray.com,3,19
3932,Kathleen Nichols,combsryan@hotmail.com,1,34
3933,Kathy Lee,william73@hotmail.com,3,32
3934,Antonio Gomez,thomas65@adams.com,1,2
3935,Isaac Thomas,ychristensen@gmail.com,2,50
3936,Allison Valencia,curtiswilliams@noble-hood.com,1,5
3937,Rebekah Henderson,jeffreylyons@black-green.org,1,13
3938,Carol Sullivan,francisco91@martin-grant.org,2,8
3939,Kyle Burke,amunoz@gmail.com,2,1
3940,Caleb Jackson,scottmichelle@yahoo.com,1,12
3941,Lisa Leach,obrienjames@hotmail.com,2,5
3942,Melissa Weiss,jerryjenkins@yahoo.com,3,37
3943,Michael Cruz,jvelasquez@yahoo.com,1,39
3944,Jeremiah Mcclain,bhenderson@duncan.com,3,44
3945,Jerry Schneider,ppineda@knapp.com,1,46
3946,Billy Smith,seanfranklin@gmail.com,2,22
3947,Karen Clarke,klee@hotmail.com,1,15
3948,Victoria Hinton,hilldoris@kelly-wilson.com,3,31
3949,Bryan Alvarez,dorothywallace@yahoo.com,3,18
3950,Andrea Thompson,hgraham@brown-good.com,2,15
3951,Mark Stone,kevin64@hotmail.com,1,4
3952,Denise Long,james88@yahoo.com,2,29
3953,Christopher Fischer,samuelayala@gmail.com,1,24
3954,George Casey,monroerobert@morgan.com,1,12
3955,Jamie Cantu,jonathanball@nelson-wright.net,2,6
3956,Jennifer Peters,monica91@richardson.biz,3,19
3957,Mr. Kevin Frazier,michael25@gibson.com,3,10
3958,Danielle Mills,garrettmorgan@frazier-rojas.com,1,9
3959,Todd Perkins,donald13@hotmail.com,2,3
3960,Michelle Lynch,dunlapjerome@hotmail.com,2,21
3961,Kari Mitchell,kimberlymcbride@bennett.com,2,8
3962,Michael Schultz,zboone@hotmail.com,3,10
3963,Jason Fox,cbarnes@gmail.com,1,18
3964,Donna Rodriguez,weberdevin@marquez.org,2,2
3965,Rodney Hale,iperez@gmail.com,2,33
3966,Joseph Riggs,jsmith@mitchell.com,2,10
3967,Melissa Dillon,judith00@cruz.com,3,8
3968,Tammy Smith,harrisonemily@dennis-solomon.org,2,41
3969,Jacqueline Wade,vmason@hotmail.com,2,13
3970,Robert Tucker,hleonard@conway.com,3,43
3971,Kimberly Moran,williamslydia@larson.com,1,45
3972,Gail Morris,tammie65@cooper.com,1,30
3973,Michael Farrell,bryan26@taylor.net,1,19
3974,Michael Miller,lesliechambers@mcpherson.com,2,27
3975,Brianna Smith,scottfox@hotmail.com,2,42
3976,Paul Jordan,debbielopez@gmail.com,3,21
3977,Alexandria Perry,christinaclark@johnson-joyce.info,3,22
3978,Matthew Cruz,stephanie69@gmail.com,3,18
3979,Joan Vargas,courtneyrobinson@mendoza.com,1,5
3980,Sarah Mcgee,johnsoncarrie@whitehead.net,2,38
3981,Thomas Williams,jennifer82@johnson-long.com,2,36
3982,Sarah Morales,dustin95@gmail.com,2,15
3983,Colleen Summers,xwest@hotmail.com,2,8
3984,Rachel Hardy,deborah66@shelton.com,3,12
3985,Brett Walsh,javiermosley@ross.com,2,36
3986,Emily Stewart,dbrown@moore.com,2,1
3987,Robert Young,grayelizabeth@hotmail.com,3,33
3988,Thomas Noble,stevenporter@garcia.com,3,46
3989,Kristy Short,larry85@patel.com,2,38
3990,Matthew Green,wwolfe@hotmail.com,3,46
3991,Greg Lane,cassandra76@yahoo.com,3,12
3992,Johnny Mason,bblack@scott.biz,3,35
3993,Matthew Harris,brownleah@yahoo.com,2,17
3994,Nicholas Mcdaniel,glane@gmail.com,3,35
3995,Kristy Vaughn,vtate@holloway.com,3,34
3996,Robin Craig,heather29@yahoo.com,1,39
3997,Katie Ortega,ashleyreyes@wilkerson.com,2,48
3998,Jessica Grant,joshuacuevas@mendoza-shaffer.info,3,12
3999,Trevor Ramsey,kdiaz@mcknight-huang.info,2,26
4000,Shawna Page,williamsjessica@baker.info,1,17
4001,Jeffery House,elewis@smith.com,2,47
4002,Laurie Stewart,blakestanley@hill.com,3,4
4003,Leslie Fletcher,anne80@gmail.com,3,47
4004,Jordan Brandt,xrubio@yahoo.com,1,20
4005,Crystal Vasquez,elizabethconner@gmail.com,1,45
4006,Kimberly Moyer MD,pbird@hotmail.com,3,10
4007,Martin Greene,sarah83@petersen.com,3,35
4008,Ian Martinez,mark77@yahoo.com,2,9
4009,Debra Wilson,ikirk@bowen.com,2,27
4010,Jesse Farley,rowens@cooley.net,2,28
4011,Jacob Phillips,petersenlaura@gmail.com,2,34
4012,Brandon Klein,pricewilliam@snow.org,1,35
4013,Joshua Henry,vspencer@cannon.com,3,47
4014,Robert Gomez,fgrant@yahoo.com,3,50
4015,Lynn Davis DVM,dakotascott@gmail.com,1,12
4016,Chelsea Logan,kenneth20@gmail.com,1,12
4017,Alison Jones,sally90@meyers-hutchinson.com,2,14
4018,Emily Herman,vmiller@gmail.com,1,36
4019,Richard Anderson,jose17@yahoo.com,2,32
4020,Kristin Ferguson,taylorsolomon@gmail.com,2,18
4021,Scott Crawford,shannonroberts@miller.com,3,21
4022,Sally Anderson,qfarley@hotmail.com,2,16
4023,Dr. Jonathan Johnson,richard03@curtis.info,1,31
4024,Melissa Jimenez,clarkamanda@yahoo.com,2,50
4025,Cheryl Smith,robinsonmark@moore-davis.com,1,43
4026,Jack Johnson,williamsashley@hart-clark.net,2,12
4027,Hunter Morgan,mrobertson@baker.com,1,13
4028,Kevin Allison,kimberlyhouston@gmail.com,1,30
4029,Rebecca Lawrence,flong@yahoo.com,2,11
4030,David Miller,kelly65@hotmail.com,3,25
4031,Karen Bailey,marissa24@jordan.info,1,50
4032,Mike Barnes,thomas58@morales-washington.com,2,15
4033,Steven Wright,thomasperez@gmail.com,1,34
4034,Trevor Torres,frederickjustin@hotmail.com,3,7
4035,Jason Wiley,bmoore@yahoo.com,2,23
4036,Jason Gallegos,caitlinbarnes@gmail.com,1,11
4037,Richard Hebert,alawson@robinson.com,1,21
4038,John Nguyen,donna94@gmail.com,2,13
4039,Jimmy Hayes,david96@frey.com,1,22
4040,Debra Randolph,krodriguez@werner.org,2,21
4041,Logan Medina,qhill@gonzalez-cole.com,1,1
4042,Stephen Mcdonald,matthew54@yahoo.com,1,21
4043,Isabella Smith,dawnhuff@stevens.com,3,18
4044,Amber Davis,michelle75@yahoo.com,2,43
4045,Candice Simpson,alanswanson@morse-bartlett.net,3,7
4046,Heather Martinez,elliottrichard@stanley-avery.com,3,29
4047,Kathleen Burke MD,turnerjames@mcmahon-parker.com,3,22
4048,Darrell Carter,erinsalas@hotmail.com,2,32
4049,Dr. Roberta Bell,emily75@gmail.com,2,21
4050,Cynthia Torres,nicholas03@yahoo.com,1,29
4051,Shannon Medina,tkramer@johnson-drake.com,1,29
4052,Maria Vazquez,bakerryan@hotmail.com,1,25
4053,Brittany Wright,david63@gmail.com,3,18
4054,William Smith,wjohnson@yahoo.com,1,30
4055,Elizabeth Perez,cabrerakeith@brown.com,3,40
4056,Joshua Velez,lhansen@gmail.com,2,37
4057,Loretta Lee PhD,martinlisa@huffman-sanders.com,2,42
4058,Jennifer Dunn,qcox@zamora.org,3,43
4059,Nancy Miller,michellecooper@hotmail.com,1,50
4060,Robert Cain,alexryan@townsend.com,2,8
4061,Anne Taylor,michele52@yahoo.com,1,31
4062,Cynthia Ruiz,dickersonwilliam@hotmail.com,1,50
4063,Christine Young,bridgesregina@torres.org,2,24
4064,Stacy Christensen,uwarren@edwards.net,3,1
4065,Edward Berger,blackmichelle@gmail.com,1,22
4066,Mitchell Kerr,leah95@munoz.com,2,48
4067,Matthew Flores,tbush@gmail.com,1,32
4068,Jennifer Martin,ybanks@mann.org,3,29
4069,Christine Townsend,yyang@hotmail.com,1,2
4070,Barbara Brown,whill@payne-clarke.org,3,7
4071,Michael Warren,michael35@hotmail.com,3,25
4072,Chelsea Cruz,owenskaylee@yahoo.com,2,19
4073,Edward Ramirez,phillipthornton@thomas.com,3,21
4074,Jean Sheppard,michael28@gmail.com,3,18
4075,Casey Lyons,walterschristina@hotmail.com,2,21
4076,Megan Cox,hansonjessica@hernandez.com,1,9
4077,Catherine Daniels,njohnson@kim.com,3,19
4078,Kristi Fisher,markhanna@hotmail.com,2,34
4079,Michael Wiley,gregorydiaz@wade.info,3,26
4080,David Perez,lance20@gmail.com,3,22
4081,Elizabeth Smith,jonnolan@hotmail.com,1,44
4082,Melissa Taylor,boothlynn@hotmail.com,1,48
4083,Rita Johnson,qbrooks@ward.com,3,43
4084,Donna Wilson,cpayne@mack.net,3,47
4085,Xavier Evans,vcrawford@castillo-long.biz,2,29
4086,William Anderson,paynetammy@hotmail.com,1,8
4087,Valerie Valencia,jacksonbrittany@luna.com,3,27
4088,Melinda Goodman,greenerica@hotmail.com,3,43
4089,Albert Powers,wellsjulie@gmail.com,1,45
4090,Bryan Carney,brian72@brady-jensen.org,2,35
4091,Brian Heath,nyoung@garcia-reynolds.com,1,6
4092,Henry Bowman,lisawright@yahoo.com,2,44
4093,Denise Miller,justin26@gmail.com,3,30
4094,Brianna Maldonado,travis31@bradshaw.com,1,39
4095,John Sampson Jr.,michaelglenn@jones.biz,3,49
4096,Michelle Hall,joshua24@yahoo.com,2,20
4097,Christopher Gray,hschroeder@frazier-holmes.net,2,37
4098,Angela Brock,stewartkaren@stone.biz,1,48
4099,Chelsea Smith,radams@gmail.com,1,15
4100,Joseph Hickman,brittanygarrett@johnston-moody.com,1,6
4101,Jeffrey Mayer,dannycooper@gmail.com,3,36
4102,Robert Chavez,ihawkins@gmail.com,2,47
4103,Russell Horton,patrick89@gmail.com,1,34
4104,Antonio Watts,richard06@yahoo.com,1,29
4105,Emma Smith,tristantorres@oconnor-phelps.net,1,48
4106,Carolyn Cooper,adam95@hill.biz,1,40
4107,John Torres,kristinfox@hotmail.com,2,15
4108,Joshua Graham,latoya41@hotmail.com,2,25
4109,Danielle Craig,josephjodi@singh.com,1,13
4110,Amanda Smith,stephaniemendoza@merritt.biz,3,50
4111,Michael Walker,stewartronald@yahoo.com,2,18
4112,Lori Jones,tpayne@yahoo.com,1,31
4113,Timothy Reid,prattkelly@vasquez-miller.com,1,8
4114,Walter Brewer,melissa36@gmail.com,2,27
4115,Hannah Hernandez,hwashington@yahoo.com,2,50
4116,Lisa Norton,brett39@lawson.biz,2,14
4117,Katherine Davis,youngandrew@yahoo.com,2,7
4118,John Harrell,janiceyates@gmail.com,1,45
4119,Nicole Foster,hoffmananna@gmail.com,2,40
4120,Maria Oliver,patrick22@gmail.com,1,5
4121,Ryan Logan,robertschmidt@cohen.info,2,26
4122,Rachel Owen,john59@gmail.com,1,43
4123,Erica Webb,msmith@gmail.com,2,18
4124,Kim Davis,stephaniecrawford@gmail.com,1,49
4125,Bruce Wilson,millerjanice@hopkins.org,1,1
4126,Dawn Williams,anthonyknight@palmer.com,1,40
4127,Sean Peterson,bobby65@yahoo.com,1,36
4128,Kathy Hoffman,greenhelen@schmidt.com,2,49
4129,Kristin Pena,joel72@morse.net,1,32
4130,Chad Boone,jillianromero@roberts.biz,1,27
4131,Hannah Ramirez,dweeks@yahoo.com,1,24
4132,Martin Lester,jennifer27@wheeler.com,3,41
4133,Ricky Mendoza,sara64@huynh.com,3,39
4134,Todd Davis,misty05@wall-hernandez.com,1,5
4135,Holly Davis,quinnnicholas@kelly.com,2,15
4136,Joshua Garza,gloverbrandon@gmail.com,2,40
4137,Lauren Roberts,tjones@hotmail.com,3,7
4138,Edward Ramirez,mlewis@gmail.com,3,20
4139,Jeffery Myers,kim08@peters.com,1,34
4140,Karen Cox,gregory05@yahoo.com,2,34
4141,David Miller,mayoroberto@miller-smith.com,3,6
4142,Elizabeth Vaughan,ryanmack@hotmail.com,3,46
4143,Janet Gardner,debrafox@hotmail.com,1,34
4144,Jamie Potter,shawn07@stevens.com,3,1
4145,Andre Frederick,sarah54@alvarado.info,2,6
4146,Amy Summers,fadams@williams-callahan.biz,1,3
4147,Jesse Olson,andre09@gmail.com,1,15
4148,Krista Perez,christopher98@gmail.com,2,18
4149,Gabriella Nguyen,daniel45@yahoo.com,1,12
4150,Brianna Stone,cherylhouston@smith-johnson.biz,2,46
4151,Robert Moore,isaac75@jordan.com,3,17
4152,James Beltran,crystalpreston@yahoo.com,2,11
4153,Brian Vazquez,bushanthony@hotmail.com,2,12
4154,Jeremy Berry,lindsay09@hotmail.com,2,44
4155,Jessica Joseph,kimberlycantrell@yahoo.com,1,10
4156,Christopher Huerta,abigail63@yahoo.com,3,4
4157,Michelle Sanchez,qlane@coffey.org,3,36
4158,James Martin,rkeller@johnson.com,1,1
4159,Beverly Sparks,deanjoanna@gmail.com,3,8
4160,Candace Salinas,houstonmargaret@hotmail.com,2,21
4161,Kenneth Lawrence,annwoodard@bright.info,3,34
4162,Kelly Santana,qdavis@hotmail.com,2,24
4163,John Goodman,paul42@gmail.com,3,28
4164,James Robbins,smithdale@gmail.com,2,29
4165,Jennifer Lawrence,nealtheresa@yahoo.com,3,45
4166,Miguel Jackson,vperry@hotmail.com,1,46
4167,Adam Huber,cassie92@hotmail.com,1,25
4168,Andrew Simpson,johntorres@gmail.com,1,24
4169,Peter James,amandawillis@yahoo.com,2,5
4170,Joshua Campbell,randy53@hanna.biz,2,39
4171,Theodore Floyd,james20@yahoo.com,3,32
4172,Amy Fitzgerald,duncansusan@hotmail.com,2,1
4173,Tara Nguyen,perezjohn@yahoo.com,1,2
4174,Victoria Smith,kennedykristy@yahoo.com,1,26
4175,Michelle Hart,victoriagreen@smith.info,2,36
4176,Justin Parsons,danielstevens@jenkins-jimenez.biz,3,3
4177,Anthony Wong,rubenmorgan@hotmail.com,2,40
4178,Bethany Church,ronnie42@romero.com,3,23
4179,Andrew Combs,xgonzalez@gmail.com,2,27
4180,Richard Finley,langmichelle@robinson-jones.com,3,34
4181,Erik Davis,coxmichael@yahoo.com,1,24
4182,Kevin Lopez,yallen@gmail.com,2,28
4183,Felicia Hardy,linda18@gmail.com,2,24
4184,Joshua Ward,samanthanunez@moore.biz,1,38
4185,Dawn Jennings,diazryan@fitzgerald.com,1,8
4186,James Obrien Jr.,brandon43@martinez.com,3,45
4187,Jennifer Meyers,youngmadison@weber.com,1,16
4188,Maureen Schneider,munoznicole@gmail.com,3,26
4189,Marilyn Brown,harnold@ray.com,1,36
4190,April Mitchell,rmayer@yahoo.com,2,26
4191,Jessica Padilla,elizabethwillis@hall.com,3,23
4192,Gail Keller,bradmitchell@mason.com,2,7
4193,Steven Hamilton MD,zwarner@hotmail.com,3,31
4194,Michael Ortiz,jacob02@yahoo.com,3,13
4195,Cassidy Marshall,morenobrett@hotmail.com,3,11
4196,Joseph Kane,fischerdana@gmail.com,1,26
454,Diana Bush,dbmadams@yahoo.com,2,29
4198,Kyle Kent,charles70@garcia-james.com,3,34
4199,Bernard Duncan,smoore@grimes.org,2,21
4200,Anthony Hall DDS,leonashley@yahoo.com,1,49
4201,Rick Meyer,twright@johnson.org,2,20
4202,Jessica Wilson,daleshaw@yahoo.com,1,45
4203,Ann Carr,mburke@gmail.com,1,18
4204,Todd Fields,krauselisa@yahoo.com,1,21
4205,Michael Cohen,zlang@chandler-graves.org,3,6
4206,Kayla Hall,henrywilkinson@simmons.net,1,13
4207,Tanner Roberts,robinsonderrick@hotmail.com,3,44
4208,Kelly Snyder,lindseykelly@hotmail.com,1,50
4209,Angela Harris,brandy50@fitzgerald.com,3,36
4210,Emily Diaz,tara45@collins-george.com,3,25
4211,Kimberly Martin,hilljoy@collins.net,3,40
4212,Kelly Webb,kathleen91@perry.info,1,15
4213,Rebecca Travis,mccoyrachel@gmail.com,2,35
4214,Stephanie Perez,lesliegarrett@bridges.com,3,19
4215,Lindsey Hart,adamsalicia@barrett.biz,1,1
4216,Laura Ritter,robert75@yahoo.com,3,8
4217,Kimberly Leon,katie46@gates.com,3,15
4218,Kyle Spence,deborah89@yahoo.com,3,7
4219,Stacy Morgan,gregsmith@ortiz-neal.com,1,21
4220,David Guzman,vharding@li.com,3,6
4221,David Cooke,andrewnewman@ellison.com,1,35
4222,Amanda Fisher,mcgeecameron@martinez.com,2,5
4223,James Lewis,thomaswalsh@hotmail.com,1,4
4224,Anthony Riggs,willissylvia@kramer.info,2,12
4225,Susan Thomas,ijohnson@powell.com,2,34
4226,Karen Johnson,spencejohn@hotmail.com,3,26
4227,Laura Parrish,lisawilliams@perkins.com,3,19
4228,Kelsey Stone,melissapena@stewart-bennett.com,3,30
4229,Heather Brady,fosternathan@hotmail.com,2,7
4230,Cody Odom,flopez@larson.net,2,16
4231,Lindsay Huffman,moniquecombs@hotmail.com,2,19
4232,Ronald Jones,holly40@yahoo.com,2,31
4233,Alexandra Barrett,johnnygarrett@mcdonald-fuller.com,1,6
4234,Daniel Baker,kgonzalez@thompson.com,2,22
4235,Brittany Blake,patrick36@gmail.com,3,45
4236,Maria Johnson,johnsonbrandon@poole-phillips.com,1,29
4237,Makayla Estrada,russelljeremy@marsh.org,2,9
4238,Tamara Sullivan,evanseddie@chavez-rodriguez.biz,1,29
4239,Erika Cooper,john81@hotmail.com,1,13
4240,Erica Lopez,kathleenjohnson@buchanan-weaver.biz,1,38
4241,Rachel Harmon,christophermoreno@yahoo.com,1,5
4242,Brenda Krause,randy93@gmail.com,2,38
4243,Joshua Morse,markross@ali.com,3,32
4244,Paula Berg,baileymonica@gmail.com,1,2
4245,Christopher House,krista57@hotmail.com,2,42
4246,Jason Caldwell,swelch@king-wallace.com,3,11
4247,Sherri Miller,lewismichael@cunningham.com,1,18
4248,Savannah Patel,julie39@hotmail.com,2,27
4249,Brandon Bowman,jonathansuarez@yahoo.com,3,9
4250,Adam Graham,rodriguezcatherine@hartman.com,3,22
4251,Tina Adams,montgomeryian@green.com,1,1
4252,Abigail Hines,carla38@hotmail.com,1,32
4253,Mark Farrell,sherrywilliams@yahoo.com,3,10
4254,David Vaughn,stevensonelizabeth@hotmail.com,2,48
4255,Erin Walsh,monicaclements@hester-dixon.info,2,10
4256,Jill Rivera,conwayheather@gmail.com,3,47
4257,Jamie Harris,cindyjimenez@hotmail.com,2,20
4258,Bryan Mason,tiffanygallagher@pennington.com,3,39
903,Thomas Taylor,ttmadams@yahoo.com,2,8
4260,Charles Carney,iwatson@johnson.org,1,25
4261,Robert Garcia,awatkins@walker.com,3,17
4262,Kimberly Cooke,jessicaspears@gmail.com,1,15
4263,Thomas Graham,sarah85@key-alvarez.com,2,24
4264,Christina Cole,gainesrebecca@gmail.com,2,2
4265,James Sanders,kevin11@yahoo.com,3,13
4266,Paula Vega,brianfriedman@hotmail.com,3,32
4267,Natasha Pierce,justinchristensen@gmail.com,1,26
4268,David Perry,zward@walker.com,1,18
4269,Mary Fisher,michael68@yahoo.com,3,35
4270,Douglas Ryan,ericduke@yahoo.com,2,12
4271,Janet Harris,wmarshall@yahoo.com,3,39
4272,Thomas Sherman,andrewwu@deleon-keith.com,2,14
4273,Austin Robinson,andersonkimberly@gonzalez.info,3,39
4274,William Martin,gwall@smith.org,3,46
4275,Phillip Jones,nancy33@montgomery.com,2,38
4276,Michelle Abbott,laurieray@oconnor-hall.com,1,50
4277,Michael Bentley,sandra06@johnson.com,2,11
4278,Sandra Hines,nflores@watson-robinson.com,2,11
4279,Amy Vazquez,grimesaustin@lewis.com,2,2
4280,Dr. Tina Zamora,blewis@hotmail.com,2,31
4281,John Savage,randall24@hotmail.com,1,43
4282,Cheryl Salinas,lozanokristen@garner.com,1,17
4283,Heather Jennings,john18@mendoza-moreno.com,1,23
4284,Jennifer Whitaker,baileykenneth@yahoo.com,1,5
4285,Jerry Vang,nicholewilson@roberson.com,3,6
4286,Christopher Hughes,shannon38@yahoo.com,1,21
4287,Victoria Cruz,daniel78@welch.com,1,4
4288,Leslie Garcia,ibishop@wagner-lyons.com,3,9
4289,Matthew Sanders,kimberly22@yahoo.com,2,50
4290,Diane Holloway,blacklindsey@trevino.net,1,37
4291,John Hill,michelle73@gmail.com,2,13
4292,Bryan Davis,rebecca51@yahoo.com,1,31
4293,Andrew White,dburns@palmer-mcfarland.com,2,8
4294,Monica Hensley,belinda25@yahoo.com,2,7
4295,Amanda Smith,frodriguez@gmail.com,1,14
4296,Jeremy Le,vcook@hotmail.com,3,48
4297,Samuel Neal,taylordaniel@yahoo.com,3,21
4298,Jaime Tate,mariaperez@kidd-johnson.com,2,35
4299,Nicholas Mason,daviswilliam@castro-moore.net,1,3
4300,Douglas Johnson,mitchelljennifer@christensen-garrison.biz,3,9
4301,Emily Ortiz,bakeramanda@hotmail.com,3,34
4302,John Smith,renee70@hotmail.com,2,23
4303,Andrew Wells,ssnyder@gmail.com,1,25
4304,Stephen Walsh,janicepratt@yahoo.com,1,1
4305,Sara Henderson,jamesosborne@gmail.com,1,21
4306,Zachary Simpson,emily54@lynch-edwards.net,3,32
4307,Ryan Hicks,hancockkelly@kelley-livingston.com,2,7
4308,Valerie Kelley,josephcamacho@gmail.com,3,22
4309,Brandon Carter,qfisher@gmail.com,2,11
4310,James Warren,chelsey35@hotmail.com,1,41
4311,Jessica Foley,coopercarlos@hotmail.com,3,25
4312,Raven Young,vthomas@roberts.com,1,8
4313,David Johnson,deborahmyers@carroll.com,3,23
4314,Michael Fowler,kimberlylane@lawson-chen.info,3,47
4315,Suzanne Garza,hterry@oconnor.com,3,21
4316,Haley Smith,cevans@bell-jackson.com,1,34
4317,Derek Williams,markbean@yahoo.com,1,11
4318,Matthew Key,jennifercooper@gmail.com,1,42
4319,Brittany Lopez,mistybell@hotmail.com,1,30
4320,Parker French,christy98@yahoo.com,2,8
4321,Karen Hall,nicole94@moore.com,1,23
4322,Lisa Carey,gabriel39@simmons.com,3,27
4323,Wendy Marks,jmorales@bean.com,3,16
4324,Hannah Lee,clawrence@campbell-nguyen.biz,3,41
4325,Tiffany Cortez,hoganjoseph@salazar.com,2,17
4326,George Martinez,jford@gmail.com,1,21
4327,Shannon Bishop,njackson@gutierrez-smith.org,1,18
4328,John Martin,leejonathan@yahoo.com,3,2
4329,David Hicks,bettyhernandez@yahoo.com,1,16
4330,Robert Lozano,harrismelanie@hotmail.com,1,47
4331,Lisa Smith,ghess@hotmail.com,3,16
4332,Brittany Dyer,michaelfoster@guzman.biz,1,48
4333,Rachel Stafford,daniellejohnson@smith-knapp.com,1,26
4334,James Ward,lancehahn@mueller.com,3,29
4335,Teresa Swanson,valdeznathan@hotmail.com,2,24
4336,Nicholas George,michael91@jones.com,2,46
4337,Kevin Ibarra,randy19@gmail.com,1,42
4338,Adriana Sanders,thomaskathleen@knight-gonzalez.biz,1,8
4339,Molly Schneider,nataliethompson@yahoo.com,2,42
4340,Sandra Bradford,codyblackburn@gmail.com,3,17
4341,Alicia Robles,tmartin@yahoo.com,1,50
4342,John Burke,nicole38@walton-west.com,3,39
4343,Tracy Wright,johnsonthomas@yahoo.com,2,40
4344,Jay Flores,ihurst@vasquez-hickman.biz,3,6
4345,Pamela Nguyen,nschneider@ramirez.com,1,11
4346,Amber Long,cheryllopez@castro.com,2,32
4347,Michael Moore,jeanettethompson@odonnell.com,1,28
4348,Sarah Holt,traci25@yahoo.com,2,44
4349,Mary Valenzuela,christopher34@hernandez-wilson.com,2,28
4350,Chelsea Thompson,skinnercasey@torres.info,1,43
4351,James Jenkins,donna78@gmail.com,1,29
4352,Michael Martin,jimmyers@gmail.com,3,29
4353,James Parrish,ericandrews@hotmail.com,3,3
4354,Mikayla Butler,steven72@hotmail.com,3,40
4355,Deborah Hughes,john51@yahoo.com,3,25
4356,Jacqueline Reynolds,twhite@hartman.com,1,30
4357,Kevin Clark,allison03@yahoo.com,1,13
4358,Travis Holt,dcox@scott.com,1,43
4359,Dr. John Hill,agalvan@holmes.com,2,34
4360,Gary Blair,keyjeremy@hotmail.com,2,36
4361,Victoria Andrade,frederickfisher@yahoo.com,3,32
4362,Kristin Tucker,leenicole@smith.com,2,43
4363,Stephanie Murray,tina03@hotmail.com,2,35
4364,Sara Chavez,howardthomas@hotmail.com,2,49
4365,Richard Garcia,fordvictor@ramirez.org,2,16
4366,Benjamin Barber,joshuacruz@gmail.com,1,34
4367,Christina Houston,ray96@gmail.com,2,50
4368,Claudia Wright,amy49@yahoo.com,1,14
4369,Timothy Hernandez,rsmith@gmail.com,3,13
4370,Joel Powers,justinruiz@gmail.com,3,29
4371,Joshua Robinson,markolson@shelton-mcgee.com,1,44
4372,Alexis Young,danielbrown@yahoo.com,2,11
4373,Heather Wyatt,sandraromero@gmail.com,3,1
4374,Glenda Hartman,charlesmichael@gmail.com,2,40
4375,Jordan Mooney,monica02@gmail.com,3,3
4376,Theresa Martinez,gabrielabooker@gmail.com,1,9
4377,Jennifer Zimmerman,joshua24@hotmail.com,3,5
4378,Danielle Wood,wrighttravis@walker.com,1,16
4379,David Owen,dianarogers@yahoo.com,1,2
4380,Dustin Torres,melissalawson@francis-payne.com,1,14
4381,Michelle Boyer,ejohnson@hotmail.com,3,44
4382,Rachel Mccoy,edwardsangela@gmail.com,1,26
4383,Colton Gardner,collinsmichael@hotmail.com,1,19
4384,William Campbell,wesleyjimenez@hotmail.com,2,38
4385,Brandy Alexander,parkerjoseph@gmail.com,2,7
4386,Vickie Lawrence,juliamartin@barron-riley.com,2,37
4387,Sheri Brown,bsmith@fowler.net,2,36
4388,Robert Barnett,michael29@keith.org,3,16
4389,Jennifer Price,douglasapril@hotmail.com,1,13
4390,Samantha Davis,mary57@drake.biz,1,13
4391,Michael Young,kimsamuel@hotmail.com,2,8
4392,Crystal Davis,parkerdaniel@orr.com,3,8
4393,Catherine Franco,psoto@gmail.com,1,31
4394,Robert Chavez,karenbrown@hotmail.com,2,34
4395,George Wells,joseph35@bowman-gillespie.net,2,23
4396,Melissa Shepherd MD,michaelrogers@yahoo.com,2,48
4397,Nathaniel Beard,kelly60@christian.com,2,10
4398,Kristi Perkins,klee@murphy-gallegos.org,1,14
4399,Katherine Casey,monicablair@miranda.biz,2,16
4400,Joseph Franklin,brandon16@gmail.com,2,36
4401,Melissa Wilson,jamesgonzalez@hotmail.com,2,19
4402,Michael Cortez,ecochran@hotmail.com,2,24
4403,David Sweeney,robbinsjenna@yahoo.com,1,7
4404,Amber Graham,bradleycox@jones.biz,3,40
4405,Melissa Moreno,browndavid@yahoo.com,1,1
4406,Amanda Mcdonald,christopher21@quinn-freeman.net,2,30
4407,Sean Alexander,zjoyce@raymond-harvey.com,2,32
4408,Sara Arias,samuel91@hotmail.com,2,17
4409,Craig Guzman,justin63@flynn.com,3,48
4410,Michael Becker,christopherhines@gmail.com,2,6
4411,Kyle Schneider,hjohnson@hernandez.com,2,42
4412,Cheryl Clark,julielawrence@hotmail.com,1,50
4413,Jill Allen,vblack@baker-green.com,1,32
4414,John Santiago,jasmineking@hotmail.com,2,7
4415,Grant Brown,hnelson@brown.com,1,33
4416,Ross Roberson,markstevens@adams.com,2,31
4417,Jason Schwartz,ngriffin@woods.com,1,3
4418,John Schaefer,david46@odonnell-rogers.biz,1,8
4419,Matthew Stuart,hartmanthomas@torres.com,1,38
4420,Justin Davis,scottcarson@yahoo.com,1,17
4421,Beth Robinson,gclark@fuentes-golden.com,3,12
4422,Jeffrey Ruiz,kthomas@lowery-boyd.info,3,9
4423,Bruce Snyder,reevesjason@yahoo.com,3,19
4424,William Alvarado,hayesbrittany@gmail.com,3,40
4425,James Martin,brianmitchell@yahoo.com,1,43
4426,Troy Escobar,garyrodriguez@hotmail.com,2,21
4427,Dwayne Davidson,larrymarshall@hayes-wright.com,2,13
4428,Michelle Miller,ablevins@barber.com,2,27
4429,Christopher Murphy,bbarber@mercado-walters.org,1,35
4430,David Ellis,michelemoreno@yahoo.com,2,27
4431,Charles Combs,jcooper@atkinson.net,3,27
4432,Jonathan Wang,cody68@perez.com,1,18
4433,Andrew Mccormick,fmacdonald@yahoo.com,2,25
4434,David Salinas,jacobcooper@gmail.com,2,18
4435,Deborah Obrien,georgecollins@hill.net,1,43
4436,Chloe Parks,hchurch@gmail.com,2,14
4437,Kristin Guzman,kiara05@yahoo.com,2,21
4438,Kathleen Noble,jessica24@andersen-sampson.org,2,7
4439,Rebecca Spencer,dylan97@delgado-roberson.org,1,41
4440,Holly Perkins,zoejackson@west.com,2,36
4441,Brian Ramirez Jr.,jjones@kelly.com,2,50
4442,Stacy Rangel,twilson@gmail.com,2,15
4443,Sheila French,oliviachavez@ramsey.com,1,18
4444,Vincent Johnson,james59@hotmail.com,1,8
4445,Luis Sexton,connorjones@boyd.com,3,39
4446,Jennifer Petersen,ecook@paul.com,3,4
4447,Christina Parker,kathryn57@vincent.org,1,13
4448,Karen White,garzajeffery@dominguez-peterson.com,1,50
4449,Michael Salazar,ronaldrobinson@gmail.com,1,9
4450,Reginald Ross,robertbenitez@yahoo.com,1,48
4451,Joseph Sanchez,harriskristine@williams.com,3,3
4452,Angela Wilson,turneralexander@martinez-mora.com,2,13
4453,Rhonda Long,cfry@long.info,1,20
4454,Anna Rodriguez,gbray@gmail.com,2,19
4455,Ryan Williams,chadkaiser@gmail.com,3,29
4456,Vincent Bates,angel41@medina-lopez.com,3,8
4457,Aaron Smith,fstanley@fernandez.com,3,17
4458,Donna Tran,bennettvictoria@stevens-klein.com,3,31
4459,Cheryl Diaz,emilysmith@smith.com,3,3
4460,Alexander Smith,mckenziejeffrey@gonzalez.com,2,12
4461,Amanda Tucker,lauren14@hotmail.com,1,45
4462,Matthew Carroll,jaimemiles@hotmail.com,1,21
4463,Brandi Gonzalez,chelseawilliams@hotmail.com,1,46
4464,Donna Norris,christopherevans@gmail.com,2,28
4465,David Robinson,zacharymartin@torres-arnold.com,3,29
4466,Amanda Gonzalez MD,zwells@werner.biz,1,47
4467,Andrew Rice,diamond14@gmail.com,2,22
4468,Michael Hull,dcameron@maldonado-rivera.com,1,3
4469,Timothy Villanueva,ronnie75@gmail.com,2,16
4470,Michael Sherman,hernandezchristopher@watkins-peck.com,2,26
4471,Hannah Decker,amanda06@hotmail.com,3,43
4472,Jessica Gonzales,keithsonya@collins.com,2,29
4473,Cheryl Collins,kennethali@gmail.com,2,36
4474,Tamara Burton,barneskathleen@hale-rivera.com,2,41
4475,Oscar Nelson,ijones@lee.com,2,46
4476,Christine Simon,bryantlaura@perez-white.com,1,11
4477,Victor Suarez,mcgeeroy@adams.org,2,32
4478,Karen Brown,marcia21@pearson.biz,2,50
4479,Natalie Gallegos,william20@hotmail.com,1,9
4480,Tara Steele,stefanie57@gmail.com,3,35
4481,Sandra Acosta,jillianlewis@hanson.org,3,40
4482,Brian Cook,lovethomas@hotmail.com,1,50
4483,Charles Miller,zfloyd@mann-johnson.biz,2,35
4484,Phillip Kennedy,williamsalinas@gmail.com,1,1
4485,Catherine Dean,sarah22@kemp.info,1,47
4486,Sarah Rollins,xfreeman@roberts-pham.net,2,33
4487,Scott Brown,williambarker@gmail.com,3,48
4488,Christine Cook,alexandria91@yahoo.com,1,48
4489,Paul Huang,ndavis@gmail.com,2,50
4490,Steven Lutz IV,millertimothy@hotmail.com,1,28
4491,Julie King,michelleunderwood@gmail.com,1,10
4492,Troy Gibson,ramseyangela@rodriguez.com,2,21
4493,Zachary Michael,sethmitchell@clark.info,2,13
4494,Charles Mckee,deborahevans@diaz-moyer.org,3,44
4495,Stephanie Day,raymond48@gmail.com,1,9
4496,Johnny Miller,edwardsblake@gilbert.org,2,47
4497,Sheri Taylor,scott37@hotmail.com,3,35
4498,Michelle Robinson,kylehowell@rogers.info,2,13
4499,Christopher Simmons,fletchermikayla@yahoo.com,1,50
4500,Rebecca Sanchez,rkent@chavez-lee.com,2,27
4501,Robin Mayo,christopher63@steele.info,2,30
4502,Anthony Young,victoria65@johnson.net,3,20
4503,Jordan Reynolds,maldonadorobert@chavez-dominguez.biz,1,46
4504,Tiffany Edwards,mark18@yahoo.com,2,2
4505,Mr. Christopher Padilla,palvarez@wright-rodriguez.com,2,34
4506,Christina Hubbard,richardlarsen@gmail.com,2,13
4507,Heather Nelson,isabel94@richmond-webb.com,2,11
4508,Karen Farrell,parkerthomas@gmail.com,3,27
4509,Derek Brown,mitchell85@brown-padilla.com,3,32
4510,Kara Johnston,annadelgado@morgan.org,3,40
4511,Anthony Snyder,isaacwilliams@gmail.com,2,26
4512,Steven Thompson,travismahoney@yahoo.com,1,15
4513,Jeffrey Jones,valeriehendricks@robinson-gardner.biz,2,38
4514,Kevin Knight,debra53@hotmail.com,3,14
4515,Tristan Roberson,brownjonathan@yahoo.com,1,47
4516,Vincent Watkins,msmith@floyd-blake.info,2,5
4517,Brett Davis,moralesnicholas@hotmail.com,1,42
4518,Christian Kerr,johnclark@cherry.com,1,14
4519,Alison Sawyer,jsullivan@manning-barnett.com,1,40
4520,Nicole Short,jacqueline08@yahoo.com,2,20
4521,Benjamin Benitez,jacqueline34@gmail.com,2,13
4522,Erik Francis,joe07@yahoo.com,3,7
4523,Kenneth Harris,felicia80@white.com,3,39
4524,Joyce George,christineluna@yahoo.com,3,9
4525,Donald Williams,qkelly@hotmail.com,2,40
4526,Laura Barnes,twatson@scott-long.org,3,43
4527,Andre Marks,william29@brown.com,2,12
4528,Russell Thompson MD,zroberts@gmail.com,2,39
4529,Tammy Good,karenking@yahoo.com,3,50
4530,Jeremy Gardner,jeffrey50@hotmail.com,2,48
4531,Patrick Walker,danielmendoza@gmail.com,1,44
4532,Nathaniel Martinez,christierivera@hotmail.com,1,17
4533,David Dougherty MD,william31@gmail.com,3,47
4534,Robert Torres,martinezkenneth@hutchinson.com,2,20
4535,Christopher King,jessica76@gmail.com,3,23
4536,Michael Mercer,anthonythompson@young.biz,1,2
4537,Benjamin Hardin,erin54@keith-henry.com,3,23
4538,Mark Hudson,johnwalker@anderson.com,3,43
4539,Donna Romero,hoffmanjason@yahoo.com,1,17
4540,Antonio Smith,porteralicia@patterson.org,2,22
4541,David Brown,davidryan@barnes-smith.net,2,23
4542,Michael Rhodes,weissphilip@singleton.com,1,15
4543,Kelsey Nichols,hendersonrebecca@hotmail.com,2,26
4544,Laura Ward,uli@hotmail.com,1,35
4545,Melvin Moore,stephen62@hotmail.com,2,8
4546,James Thompson,hoffmanpatrick@yahoo.com,3,40
4547,Kyle Mercer,leeashley@lee.biz,1,37
4548,Kimberly Willis,qbray@pearson.com,2,24
4549,Jerome Allen,zmurphy@gmail.com,1,11
4550,James Ferguson,smason@hernandez.biz,1,39
4551,Stephanie Vargas,ojohnson@gmail.com,2,47
4552,James Moreno,barrettjulian@noble-mcclain.com,3,30
4553,Jacqueline Johnson,stacywilliams@hotmail.com,2,25
4554,David Rodriguez,wendymckay@steele.com,1,20
4555,Rodney Walker,laura86@sullivan.info,1,48
4556,Shirley Harper,ashley14@hotmail.com,2,34
4557,Elizabeth Hall,courtneyramos@yahoo.com,1,39
4558,Richard Chandler,justin36@hill-smith.com,2,9
4559,Jay Salas,bryce14@yahoo.com,1,3
4560,Courtney Kim,summerstout@williams.com,1,11
4561,Veronica Richards,amy12@weaver.com,2,5
4562,Dr. Cheryl Aguilar,kelly66@yahoo.com,1,47
4563,Jennifer Garcia,rjohnson@yahoo.com,2,43
4564,Brittany Russell,lee09@gmail.com,1,28
4565,Justin Bradford,kristen52@weber.net,2,2
4566,Sydney Scott,elaine08@hernandez-rowland.com,3,22
4567,Dominique Walters,james58@yahoo.com,3,14
4568,Samantha Johnson,mbrown@hotmail.com,1,37
4569,Alicia Morgan,rthomas@gmail.com,1,30
4570,Ryan Cooper,matthewramirez@hotmail.com,1,41
4571,Catherine Thomas DVM,tarariley@yahoo.com,2,22
4572,Gary Scott,sandovalkelly@hotmail.com,1,44
4573,Linda Hudson,pwelch@lin-ramsey.com,3,7
4574,Amanda Flowers,jenniferanderson@deleon.com,2,15
4575,Rhonda Palmer,gordonnathan@gmail.com,2,13
4576,Mary Mayo,nancy53@patterson.com,1,42
4577,David Pierce,greenmanuel@sanders-hurst.com,2,9
4578,Douglas Weiss,amycase@lee-callahan.com,3,50
4579,George Jacobson,dmoody@yahoo.com,1,26
4580,Cindy King,irwinvictor@gmail.com,1,19
4581,Lisa Jenkins,alexismaddox@kelly-hardy.net,1,23
4582,Craig Riggs,xmiranda@hurst.com,2,12
4583,Terri Coleman,jessicawatson@hotmail.com,2,5
4584,Courtney Morris,lawrence99@yahoo.com,3,25
4585,Dennis Williams,fnorman@gmail.com,2,35
4586,Juan Glenn,clarkmallory@mcintyre.org,1,8
4587,Christopher Odom,maureen81@yahoo.com,1,26
4588,Kelly Gibbs,aaron09@maxwell.org,3,34
4589,Wendy Ford,thompsonandrew@hansen-clark.biz,3,49
4590,Joshua Smith,stricklandmarcus@nelson.info,2,16
4591,Dawn Price,williamsjeremy@hotmail.com,3,33
4592,Stephanie Reid,bethkennedy@moore.com,3,10
4593,John Molina,melinda18@yahoo.com,1,17
4594,David Smith,abishop@hotmail.com,3,16
4595,Charles Sanders,bauerjoseph@gmail.com,2,15
4596,Thomas Wallace,millerstacy@jackson.com,3,46
4597,Sarah Davis,smithsarah@myers-rangel.info,1,46
4598,Karen Rodriguez,jefferydouglas@yahoo.com,2,48
4599,Jeffrey Wilson,nwall@perez-walters.com,3,4
4600,Vickie Delgado,karenchristian@cook.com,3,4
4601,Laura Barnett,waltontyler@yahoo.com,1,29
4602,Kristin Green,sandersjessica@yahoo.com,2,31
4603,Robert Wells,curtisnichols@perez.info,3,10
4604,Jacob Davis,lewisdaniel@walker-howard.com,2,48
4605,Patrick Moore,karen37@yahoo.com,3,42
4606,Anna Garner,duartecynthia@gmail.com,1,28
4607,Hector Price Jr.,andersondawn@hotmail.com,2,41
4608,Lisa Braun,ross58@rich-johnson.com,2,27
183,Stephen Rivas,srrichdavid@yahoo.com,2,25
4610,Barbara Morton,sarahmclaughlin@short-humphrey.com,2,17
4611,Mrs. Beth Mcdowell MD,alexis70@hudson-smith.com,3,42
4612,Thomas Mcmahon,george38@turner-kent.com,3,22
4613,Karen Hawkins,sramsey@gmail.com,2,16
4614,Lee Castaneda,qhancock@yahoo.com,2,1
4615,Nathan Cline,brian47@gmail.com,2,8
4616,Steven Krause,amanda16@hotmail.com,2,20
4617,Eric Dunn,nealrachael@hotmail.com,1,35
4618,Robert Hicks,melissaward@davis-williams.com,2,13
4619,Savannah Riley,johnadams@hotmail.com,2,33
4620,Anne Romero,tstewart@hotmail.com,3,7
4621,Mrs. Glenda Curtis,icannon@yahoo.com,1,13
4622,Kenneth Clayton,lesliehoffman@shelton.com,1,8
4623,Marc Mcdaniel,johnhall@farmer-stein.com,2,6
4829,Andrew Hopkins,ahrichdavid@yahoo.com,2,25
4625,Zachary Gonzalez,jamesrussell@davis-cameron.com,3,34
4626,Michael Terry,xrodriguez@hotmail.com,2,11
4627,Janet Wagner,ericerickson@reyes.org,1,32
4628,Richard Gilbert,csanchez@hotmail.com,3,45
4629,Angela Adams,baldwindavid@yahoo.com,2,40
4630,Anthony Evans,cindysmith@gmail.com,3,12
4631,Kenneth Brown,uthompson@perez-ayala.com,1,14
4632,Mr. Mark Morales,adamsnicole@carson.com,3,18
4633,Samantha Nixon,xbrown@gmail.com,3,30
4634,Joe Gillespie,lovekimberly@miller.com,2,5
4635,Jacqueline Griffith,pcohen@wyatt.com,3,23
4636,Sarah Phillips,tjones@yahoo.com,3,39
4637,Joshua Lee,katiepatterson@johnson.info,1,50
4638,George Wheeler,williamcook@yahoo.com,2,34
4639,Arthur Foster,dawn03@cole.com,3,48
4640,Ryan Grimes,espinozatina@yahoo.com,1,14
4641,Nicholas Hall,staffordjoanne@yahoo.com,3,50
4642,Douglas Calhoun,patrickwilliams@gmail.com,2,8
4643,Michael Fisher,bbarnett@hotmail.com,2,42
4644,Kathy Kim,rhubbard@franco.com,1,45
4645,Barbara Smith,daisyjones@gilmore.com,2,14
4646,Brian Miller,joanortiz@calderon-graham.info,3,28
4647,Devin Phillips,desiree86@frey.com,2,22
4648,Sara Miller,zchristian@gmail.com,1,16
4649,Lori Pratt,jennifer59@smith.com,3,49
4650,John Gomez,james35@gmail.com,2,16
4651,Lindsay Leonard,mmitchell@hotmail.com,1,31
4652,David Cruz,patriciawall@yahoo.com,3,29
4653,Luis Scott,phillipthomas@yahoo.com,3,30
4654,Travis Wilcox,natasha92@hotmail.com,3,31
4655,Richard Zimmerman,alyssaenglish@hotmail.com,1,28
4656,Michael Hooper,chavezellen@park.com,2,45
4657,Monica Crawford,johnsondonna@hotmail.com,2,45
4658,Bridget Evans,imurphy@yahoo.com,2,5
4659,Yvonne Dean,christensensteven@powell.com,3,24
4660,Heather Pacheco,joelsmith@wood.net,1,36
4661,Kaylee James,mathewsadam@lee-rodriguez.com,3,4
4662,Jennifer Lee,ryanjordan@gmail.com,3,38
4663,Sarah Chase,paul58@olson.net,3,35
4664,Karen Hill,ellischad@gmail.com,1,50
4665,Catherine Schmidt,rodriguezkathryn@fox.com,2,34
4666,Andrew Frank,doughertymichael@gmail.com,3,5
4667,Lisa Horne,jrodgers@carter-anderson.com,1,10
4668,Meghan Fox,thomaslane@lester-hernandez.com,3,34
4669,Jeremy Collins,dylanjones@costa-hobbs.net,3,43
4670,William Prince,eddie68@gmail.com,3,21
4671,Amy Paul,haley26@fisher.com,3,5
4672,Jeffrey Mcdonald,keithwhitaker@yahoo.com,1,37
4673,Mrs. Stephanie Adams DVM,heather42@yahoo.com,1,20
4674,Kimberly Daniels,awest@gmail.com,2,1
4675,Karen Dominguez,troylester@white-mcconnell.biz,3,6
4676,Wayne Ramos,pwashington@yahoo.com,3,37
4677,Michael Lee,taguilar@lawson-murphy.com,3,33
4678,Rebecca Medina,wpeterson@forbes.com,1,21
4679,Marcus Willis,ehowell@duncan-braun.com,3,39
4680,Rebecca Everett,troy62@johnson-anderson.com,2,15
4681,David Jones,deanna24@yahoo.com,2,33
4682,Marie Lucas,lorraine34@hotmail.com,3,23
4683,Lisa Chambers,steven91@yahoo.com,1,1
4684,Cynthia Kim,curtishansen@yahoo.com,1,47
4685,Carla Nguyen,deleonroger@lee-williams.biz,3,7
4686,Alicia Davis,ngray@yahoo.com,2,35
4687,Calvin Glenn,joanne07@yahoo.com,3,6
4688,Samantha Bush,amyhardy@miller-henderson.com,1,20
4689,Jason Mcintosh,traci50@lee.com,1,41
4690,Megan Brewer,frederick03@brown.net,2,10
4691,Anna Rowland,maurice78@gmail.com,2,22
4692,Jimmy Morgan,qpotter@gmail.com,2,30
4693,Michelle James,sullivankevin@decker-mccoy.com,3,36
4694,Cody Hobbs,williamsandrew@romero.com,1,31
4695,David Becker,michaelcontreras@bennett.org,2,41
4696,Aaron Jones,aaron41@holt-castaneda.com,3,2
4697,Anthony Brown,johnsonsteven@williams.org,2,18
4698,Wayne Preston,hillrobert@yahoo.com,1,4
4699,Jaclyn House,jenniferfox@gmail.com,2,24
4700,Kayla Evans,obrown@mccullough.com,2,39
4701,James Howell,abbottmark@hotmail.com,2,18
4702,Mathew Williams,ocollins@yahoo.com,2,6
4703,David Bryant,ghuynh@rivera.com,3,4
4704,Ashley Turner,andrewspencer@gmail.com,1,31
4705,Ashley Preston,reneepeters@holmes-brandt.com,1,18
4706,Randy Salazar,lisaclark@yahoo.com,3,46
4707,Christina Taylor,ronald28@hotmail.com,3,3
4708,Karen Perez,william29@hotmail.com,3,9
4709,Nicholas Casey,mitchellbrittany@smith-ashley.net,2,2
4710,Brittany Sandoval,donnafoster@gmail.com,2,38
4711,Sarah Price,cole78@gmail.com,3,5
4712,Valerie May,tfrancis@weiss.com,2,13
4713,Jared Lopez,adamsgrace@gmail.com,3,47
4714,Taylor Patrick,sparkscarolyn@hayes.com,3,2
4715,Patrick Hernandez,joshua52@gmail.com,2,11
4716,Christopher Curry,hayesmonica@smith.org,1,49
4717,Kevin Robinson,eperez@mccarthy-miller.com,3,28
4718,Darius Nelson,williammullins@doyle.com,3,31
4719,Tina Chen,kristinaprice@gmail.com,3,3
4720,Theresa Delacruz,denise76@gmail.com,3,15
4721,Daniel Carter,ortiznancy@cooper.info,2,23
4722,David Shaw,fieldsdavid@hughes.com,2,3
4723,Jacob Stewart,john06@herman.com,3,27
4724,Cody Wilson,pamelasantiago@gmail.com,2,17
4725,Jacob Butler,sharon42@clark.org,3,5
4726,Sara Sullivan,stephen67@yahoo.com,1,11
4727,Michael Caldwell,brandonhaley@yahoo.com,2,9
4728,Amanda Ali,raymondmeyer@avila.net,1,28
4729,Kirsten Evans,svargas@gmail.com,2,19
4730,Sean Ward,anne73@alvarado-kane.org,3,1
4731,Hayden Shaw,kelly92@gmail.com,2,18
4732,Amy Sanders,mcleancynthia@gmail.com,3,4
4733,Aaron Henry,andrewfranco@hotmail.com,2,35
4734,David Mcclain,jacob71@bullock.com,2,2
4735,Andrea Peterson,gfisher@yahoo.com,1,19
4736,Marissa Fowler,george88@yahoo.com,3,30
4737,Anne Jones,lindaadams@hotmail.com,1,42
4738,Julian Berry,williamrowe@gmail.com,3,20
4739,Gina Jones,jmcguire@ferguson.net,3,15
4740,Lisa Adams,josesolis@thompson.com,3,19
4741,Grant Petersen,jgarcia@walker-walker.info,3,47
4742,Philip Irwin,ylarson@gmail.com,3,24
4743,Timothy Escobar,maryhall@hernandez.com,1,11
4744,Joshua Mcconnell,bryanttodd@hudson-valenzuela.com,2,40
4745,Tyler Rodriguez,brownjose@gmail.com,2,10
4746,Stephen Mercado,kwarren@hotmail.com,1,17
4747,Billy Mercer,joseph03@higgins.org,1,46
4748,Melinda Williams,huntermary@mckenzie-diaz.com,1,38
4749,Joseph Gutierrez,stephenbrowning@hotmail.com,2,34
4750,Tara Parker,alexander51@cooper.com,2,35
4751,Olivia Bennett,ericrodriguez@macias.info,1,15
4752,Gordon Brooks,kgonzalez@hotmail.com,3,38
4753,Jason Salazar MD,moodylindsay@adams-bryant.com,3,19
4754,Jeffrey Boyer Jr.,kingdaniel@vasquez.com,2,17
4755,Theresa Jacobs,kevinharris@simon-contreras.com,2,9
4756,Michelle Warren,julie74@hotmail.com,3,11
4757,Gabrielle Hernandez,melissa82@harris.com,3,47
4758,Amanda Mcmahon,williamhansen@bell.com,1,47
4759,Christine Cook,xcabrera@jones.com,3,11
4760,Sara Long,hayley00@yahoo.com,2,17
4761,Robert Cabrera,millerricky@delacruz.com,1,29
4762,Megan Ross,harmonmaria@gmail.com,2,49
4763,Gary Pennington,anthonyking@smith.org,1,50
4764,Dr. Gregory Ford,icowan@yahoo.com,1,25
4765,Brandon Logan,jwiley@pierce.com,1,28
4766,David Gonzales,moseskimberly@drake-calhoun.info,3,14
4767,Heather Potter,steventhompson@parks-lawson.com,1,3
4768,Connie Barr,hamiltonangela@brown.biz,2,36
4769,Katherine Thomas,edgarirwin@jones.info,2,34
4770,Melissa King,gregory12@hotmail.com,3,19
4771,Clifford Acosta,richardtheresa@gmail.com,3,23
4772,Samantha Baker,susan62@yahoo.com,2,25
4773,Cynthia Pugh DDS,pmoore@gmail.com,3,15
4774,Nicholas George PhD,christyellis@murphy.com,3,41
4775,Miss Patricia Silva,ahamilton@adams.info,3,13
4776,Daniel Nelson,andrew82@gmail.com,2,6
4777,Carla Lee,nicholscharles@robles-herring.org,3,48
4778,Maria Weber,bdoyle@hotmail.com,3,14
4779,Billy Shaw,bonnie40@yahoo.com,2,5
4780,Daniel Keller,iparker@russo.net,3,40
4781,Michael Cox,danielfranco@hotmail.com,3,39
4782,Justin Anthony,sierra76@yahoo.com,2,39
4783,Kimberly Lopez,dicksondenise@vazquez.com,3,22
4784,Alexander Flores,dnelson@yahoo.com,3,35
4785,Courtney Higgins,idudley@larson.com,3,5
4786,Laura Kim,rachelvillegas@gmail.com,2,25
4787,Rebecca Hall,kathryn65@yahoo.com,3,37
4788,Samantha Caldwell,kristy49@yahoo.com,3,8
4789,Gabriel Baxter,christopheravery@gmail.com,3,17
4790,Kimberly Morgan,moranandrew@edwards-jones.com,2,50
4791,Luke Tate,vturner@yahoo.com,3,39
4792,Gail Schwartz,ryan68@turner.biz,3,14
4793,April Moore,eric24@bass.com,3,11
4794,Brandon Ramirez,fjones@gmail.com,1,36
4795,Meredith James,wattsthomas@williams.com,3,4
4796,Jeremy Simmons,jenniferhawkins@rodriguez-burke.info,3,8
4797,Aaron Monroe,imoore@reynolds-wall.org,2,32
4798,Jessica Mendez,stephen91@ramirez-brewer.com,3,35
4799,Jennifer Reed,kboyd@coleman-tanner.com,1,43
4800,Steven Lara,villanuevashannon@gmail.com,3,44
4801,Patricia Sanford,kthompson@sanchez.com,2,33
4802,Kirk Lewis,nathanielnguyen@yahoo.com,3,47
4803,Paula Foster,ryanmichael@hotmail.com,1,9
4804,Michelle Harvey,cvalentine@hotmail.com,3,15
4805,John Clark,stephanie73@anthony-kaiser.net,3,4
4806,Chelsea Chandler,cbuck@gmail.com,1,47
4807,Roy Rios,elizabethmacias@koch-patrick.com,2,29
4808,Joanna Price,chadhernandez@weeks.org,3,34
4809,Adrian Adams,aburke@gmail.com,2,13
4810,Mr. Kyle Stout,kstone@molina.com,1,13
4811,Jeff Wyatt,edwardsjoshua@hotmail.com,3,37
4812,Amy Keller,mfry@gmail.com,1,3
4813,Michele Chavez,ikelly@gmail.com,2,26
4814,Kevin Holland,ureynolds@gmail.com,2,1
4815,Charles Christensen,ljoyce@mathews.com,3,49
4816,Mary Allen,jamesbowman@brock-smith.net,1,49
4817,Rachel Tapia MD,zhicks@gmail.com,3,49
4818,Michael Walsh,stephanielucas@gmail.com,3,47
4819,Laura Robinson,patriciasmith@moreno.com,2,6
4820,Karina Love,michael09@hanson.biz,3,44
4821,Jillian Pennington,peter82@wright.net,3,31
4822,Susan Hunter,rosariodaniel@hotmail.com,3,38
4823,Roy Foster,elizabeth39@coleman.com,2,44
4824,Susan Sullivan,ashleybailey@hotmail.com,3,23
4825,Ashley Henderson,evansgeorge@olson.com,3,6
4826,Mary Burgess,morgan82@gmail.com,1,9
4827,Mark Patterson,stacy71@mathis.com,2,35
4828,Patricia Allen,mooreelizabeth@gmail.com,2,12
121,Sean Peterson,spsmithrachel@yahoo.com,2,33
4830,Michelle Smith,ronald96@mills.com,1,36
4831,Andrew Mccall,tsalazar@ramsey.com,1,6
4832,Jessica Armstrong,hstevens@hotmail.com,1,37
4833,Christy Macdonald,johnmathis@flores.org,2,28
4834,Sharon Livingston,billy53@hopkins-black.com,2,42
4835,Jake Smith,carol77@bruce-williams.info,2,4
4836,Monica Walker,michael53@hotmail.com,2,19
4837,Robert Nunez,denise69@bowman.biz,1,25
4838,Jamie Harvey,danny49@yahoo.com,2,48
4839,Kyle Hart,james29@hotmail.com,1,46
4840,Lori Johnson,brandonjones@gmail.com,2,7
4841,Susan Frey,nblevins@harvey-smith.com,2,17
4842,Johnny Lewis,williamlang@collins-nelson.com,2,27
4843,Robert Freeman,stewartrobert@yahoo.com,3,39
4844,Logan Adams,susan33@hotmail.com,3,22
4845,Allison Harper,wschmidt@gmail.com,3,23
4846,Adam Burns,janicemiller@hicks.com,3,8
4847,Martin Little,ronald78@yahoo.com,2,25
4848,Ashley Berry,coxchristopher@yahoo.com,1,6
4849,Angela Mendoza,mdaniels@gmail.com,1,44
4850,Kimberly Francis,danielwilliams@webb-johnson.info,3,44
4851,Barbara Robles,williamsdanielle@gmail.com,2,11
4852,Jennifer Weber,brandontyler@bailey.info,2,11
4853,Teresa Mayer,steven77@curtis.biz,1,32
4854,Andre Hunt,ywood@gmail.com,3,33
4855,Richard Rosales,krista98@garcia.com,1,6
4856,Kristina Johnson,jessica82@jackson-hartman.com,2,42
4857,Billy Fuentes,stephen56@yahoo.com,2,35
4858,Philip Delgado,colleenfisher@richards-williams.biz,1,26
4859,Laurie Mcmahon,kristinclark@cunningham-porter.com,3,3
4860,Jeffrey Stein,poncearthur@fuller.com,3,14
4861,Jessica Simpson,jesse07@maddox.com,3,14
4862,Tricia Smith,christopher47@yahoo.com,3,19
4863,Rebecca Adkins,johnsonjames@yahoo.com,1,47
4864,Nicole Tyler,john43@yahoo.com,2,3
4865,Mark Mccall,santosbrendan@mcdaniel-wells.net,1,45
4866,Jessica Anderson,akelly@yahoo.com,1,37
4867,Jeanette Blevins,aduran@hotmail.com,3,19
4868,Michelle Robinson,chamberscrystal@peterson-jacobson.com,3,29
4869,Angelica Morgan,edward71@yahoo.com,1,6
4870,Jonathan Mueller,lwilson@yahoo.com,2,9
4871,Michael Thomas,esanchez@yahoo.com,1,2
4872,Kelly Lane,matthew59@ortiz-nielsen.com,3,4
4873,William Howell,porterruben@gmail.com,1,38
4874,Sarah Hines,bakerandre@hotmail.com,1,3
4875,Ronald Nicholson,zmartin@cook.org,1,43
4876,Thomas Anderson,gbradley@campbell.com,3,1
4877,Lance Taylor,lisapittman@gmail.com,2,4
4878,Charles Dennis,stephaniedavis@moore.com,3,22
4879,Donald Tate,sramsey@perry.info,3,41
4880,Cynthia Dunn,nicole47@hotmail.com,3,34
4881,Gene Bennett,dgonzalez@gmail.com,2,4
4882,Benjamin Hood,knightjanet@hotmail.com,3,1
4883,Andrew Cantu,tammytrevino@valdez.com,3,50
4884,Mr. Justin Best,joseph69@hotmail.com,2,32
4885,Phyllis Strickland,ydavis@smith.com,3,23
4886,Patrick Williams,scortez@gmail.com,2,10
4887,Donna Roy,michael42@gmail.com,3,31
4888,George Mann,rpayne@carter-clay.net,2,18
4889,Deborah Jones,ellisbetty@kim.com,3,8
4890,Nicole Nelson,sarahcarroll@gmail.com,1,24
4891,Jacob King,daniel08@hotmail.com,2,20
4892,Tina Barrera,tinapierce@mcknight.com,3,8
4893,Tracy Lane,hicksalex@yahoo.com,2,43
4894,Valerie Yates,snydereric@hess.biz,3,14
4895,Shannon Vargas,michael64@parks.info,3,35
4896,Rebecca Bauer,kelseygarcia@simmons-mcdaniel.com,2,30
4897,Tom Clayton,matthewsims@hotmail.com,3,50
4898,Gabriela Hall,brenda92@gmail.com,3,33
4899,Justin Kline,robinrodgers@hotmail.com,1,3
4900,Christopher Mcclain,george48@hotmail.com,3,6
4901,Kelsey Perez,chavezpamela@yahoo.com,3,29
4902,Veronica Morris,baileypaul@collins-craig.com,1,38
4903,Stephanie Wade,adamszachary@gmail.com,3,50
4904,Daniel Garcia,silvadavid@jones.org,2,41
4905,Brett Meyer,mooreadam@ortiz-west.net,3,3
4906,Douglas Klein,jamessims@walker.com,2,29
4907,Benjamin Grant,pgreen@gmail.com,2,41
4908,Michael Hernandez,mhamilton@brown-durham.biz,2,14
4909,Carolyn Lopez,davisbrittany@yahoo.com,1,39
4910,Luke Marsh,wardbeth@yahoo.com,1,2
4911,Ruben Murphy,wcox@yahoo.com,2,24
4912,Dr. James Reid DVM,marksantiago@yahoo.com,1,23
4913,Crystal Marshall,raywilliam@petty.com,2,25
4914,Ashley Clark,thomaslopez@hotmail.com,2,13
4915,Brianna Simmons,bramsey@finley.com,1,40
4916,John Lara,rwu@gmail.com,3,6
4917,Joy Smith,tracyvaldez@yahoo.com,2,10
4918,Mitchell Gill,andrea11@hotmail.com,2,36
4919,Pamela Castro,xhill@gmail.com,1,5
4920,Allen Stewart,xwong@moore.com,2,47
4921,Mr. Chad Fitzgerald MD,castanedaashley@gmail.com,1,9
4922,Laurie Stone,mgordon@gmail.com,3,9
4923,Christina Dennis,edwardsjoseph@yahoo.com,1,10
4924,Craig Hanson,qjones@yahoo.com,2,50
4925,Jeffrey Miller,mfranklin@gmail.com,3,39
4926,Benjamin Henry,amyadams@mills-miller.com,3,14
4927,David Wood,keithjones@yahoo.com,1,40
4928,Cynthia Marshall,coreymartin@hotmail.com,1,45
4929,Christopher Perry,bergeralbert@gmail.com,1,27
4930,Thomas Ware,jacoblong@franklin-black.net,3,21
4931,Stacey Aguirre,batesmary@mckee.com,1,3
4932,Amanda Wallace,gsullivan@hotmail.com,3,6
4933,Stephanie Hoffman,stephen44@ayers.info,3,1
4934,Max Chavez,lvaughan@gmail.com,3,37
4935,Brianna Perez MD,olsenjoseph@stein.com,3,29
4936,Marc Henry,morriskevin@allen.info,3,18
4937,Jade Montes,kelseygoodwin@reilly.info,1,40
4938,Ashley Fox,goodtimothy@yahoo.com,3,25
4939,Bobby Alvarez,denniskim@gmail.com,2,33
4940,Christopher Daniels,alexanderfitzgerald@hotmail.com,1,36
4941,Anthony Hudson,haroldrodriguez@clark.com,1,4
4942,Joshua Thomas,zachary43@johnson.org,2,27
4943,Jessica Smith,katelyn70@yahoo.com,2,11
4944,Mark Mclaughlin,shannon47@gmail.com,1,44
4945,Kristina Pena,christian00@lee-wilson.com,1,44
4946,Aaron Klein,whitebrian@hoffman.biz,2,14
4947,Sherri Briggs,tdavila@yahoo.com,2,6
4948,Colleen Jackson,timothy08@gmail.com,2,46
4949,Amanda Carter,erinpeterson@gmail.com,3,21
4950,Mr. Ian Moran,jerry50@hubbard-fields.com,1,7
4951,Kevin Anderson,sandycobb@jones-moreno.com,1,28
4952,Kristen Smith,george68@hotmail.com,1,16
4953,Larry Ross,qthomas@olson.com,2,9
4954,Jennifer Sanchez MD,esteele@hotmail.com,3,49
4955,Joseph Hunt,josescott@hampton.net,2,14
4956,James Sullivan,johnporter@thomas.com,1,39
4957,Jessica Fleming,jeremy67@yahoo.com,2,18
4958,Michelle Howe,katiewebster@reyes.com,1,26
4959,Susan Perez,lmarsh@johnson-rodriguez.net,1,11
4960,Eric Fisher,meagan90@walter-aguilar.com,1,38
4961,Leslie Morris,jennifer32@morgan.com,3,24
4962,Emily Hall,patelkevin@wall.net,3,49
4963,Michael Mejia,renee34@hotmail.com,2,9
4964,Patrick Mckee,christinegarcia@hotmail.com,3,12
4965,Vicki George,michael02@hotmail.com,1,19
4966,Brandon Peterson,james61@rowe.org,2,29
4967,Erica Gill,brian44@gmail.com,3,7
4968,Corey Johnson,jamie32@gmail.com,3,15
4969,Theodore Snyder,tammy05@stewart-chavez.com,1,6
4970,Jasmine Marshall,murrayjessica@yahoo.com,2,15
4971,Sheri Hamilton,crichards@koch.com,1,16
4972,Michael Tapia,gabrielmartinez@hotmail.com,3,47
4973,John Robinson,kevin53@yahoo.com,3,17
4974,Tina Thomas,gonzalezdaniel@li-valencia.com,3,23
4975,Craig Wong,garrett84@hotmail.com,1,20
4976,Anthony Turner,reyesdenise@bailey.com,2,36
4977,Peggy Castro,vsmith@thomas.info,2,47
4978,Michele Perez,katienash@foster.com,2,36
4979,Kayla Reynolds,paulajenkins@gmail.com,3,12
4980,Cynthia Henry,hendersonmaria@hotmail.com,3,22
4981,Barbara Castillo,craig14@vasquez-white.com,3,1
4982,Jennifer Ramos,laurabernard@rollins.com,2,1
2222,Gwendolyn Taylor,gtsmithrachel@yahoo.com,3,12
4984,Jennifer Espinoza,mballard@kim.info,1,6
4985,Kevin Castro,whitechase@berry.org,1,42
4986,Victoria Villanueva MD,ejackson@hotmail.com,1,11
4987,Angelica Bryant,riverakevin@yahoo.com,2,28
4988,Hannah Mccarty,wpatterson@evans-torres.org,3,39
4989,Brian Poole,cnelson@moore.com,3,17
4990,Pamela Davidson,andreabrooks@blair-mendoza.com,3,5
4991,Matthew Holmes,karen68@gmail.com,3,26
4992,Joshua Donovan,thomasmichaela@hotmail.com,2,20
4993,Matthew Stone,smiththomas@burke.com,1,50
4994,Herbert Hudson,harrisonjeffrey@hotmail.com,2,45
4995,Joshua Berry,claytoncasey@gmail.com,3,39
4996,Samuel Delacruz,browngary@yahoo.com,1,46
4997,Eddie Guzman,nrodriguez@humphrey.com,2,9
4998,Thomas Castaneda,sandrachurch@hotmail.com,1,28
4999,Andrew Alexander,charles34@clark.org,3,48
5000,Joyce Merritt,debra45@gardner-hansen.com,2,22
